InfluenzaSeasonandEpidemiologicalWeek,TotalFluTests,PositiveFluAH1N1pdm09,PositiveFluAH3,PositiveFluAunsubtyped,TotalFluBPositive,TotalRSVTests,TotalPositiveRSV,TotalParaTests,TotalPositivePara,TotalAdenoTests,TotalPositiveAdeno,TotalhMPVTests,TotalPositivehMPV,TotalEnteroRhinoTests,TotalPositiveEnteroRhino,TotalCoronaTests,TotalPositiveCorona,season,TotalFluPositive,year,week,date
201435,1311.0,0.0,0.0,2.0,3.0,1327.0,5.0,1160.0,23.0,1169.0,16.0,1026.0,1.0,595.0,154.0,1140.0,2.0,2014-2015,5.0,2014,35,2014-09-01
201436,1323.0,0.0,1.0,2.0,1.0,1334.0,3.0,1155.0,27.0,1164.0,20.0,971.0,1.0,621.0,157.0,815.0,2.0,2014-2015,4.0,2014,36,2014-09-08
201437,1928.0,2.0,8.0,3.0,2.0,1827.0,9.0,1590.0,37.0,1600.0,34.0,1410.0,0.0,800.0,261.0,1036.0,0.0,2014-2015,15.0,2014,37,2014-09-15
201438,2458.0,0.0,10.0,4.0,5.0,2451.0,9.0,2120.0,44.0,2136.0,33.0,1813.0,1.0,1196.0,443.0,1360.0,3.0,2014-2015,19.0,2014,38,2014-09-22
201439,2961.0,0.0,16.0,7.0,3.0,2724.0,20.0,2377.0,51.0,2388.0,35.0,2098.0,1.0,1297.0,492.0,1460.0,1.0,2014-2015,26.0,2014,39,2014-09-29
201440,2868.0,1.0,25.0,3.0,2.0,2791.0,12.0,2418.0,46.0,2434.0,49.0,2215.0,1.0,1331.0,443.0,1581.0,10.0,2014-2015,31.0,2014,40,2014-10-06
201441,2963.0,0.0,23.0,8.0,8.0,2902.0,42.0,2504.0,65.0,2511.0,44.0,2260.0,1.0,1440.0,388.0,1523.0,0.0,2014-2015,39.0,2014,41,2014-10-13
201442,2648.0,1.0,29.0,10.0,12.0,2475.0,29.0,2223.0,61.0,2234.0,50.0,1976.0,3.0,1455.0,357.0,1516.0,3.0,2014-2015,52.0,2014,42,2014-10-20
201443,3354.0,0.0,30.0,15.0,6.0,3219.0,67.0,2759.0,92.0,2773.0,67.0,2402.0,3.0,1506.0,388.0,1509.0,6.0,2014-2015,51.0,2014,43,2014-10-27
201444,2994.0,0.0,38.0,12.0,10.0,2870.0,85.0,2425.0,83.0,2437.0,60.0,2190.0,5.0,1310.0,296.0,1416.0,3.0,2014-2015,60.0,2014,44,2014-11-03
201445,3117.0,0.0,68.0,22.0,9.0,2908.0,109.0,2431.0,78.0,2502.0,67.0,2266.0,1.0,1260.0,276.0,1471.0,8.0,2014-2015,99.0,2014,45,2014-11-10
201446,3176.0,1.0,108.0,28.0,7.0,2810.0,178.0,2366.0,80.0,2383.0,69.0,2193.0,4.0,1288.0,254.0,1477.0,13.0,2014-2015,144.0,2014,46,2014-11-17
201447,3587.0,1.0,202.0,94.0,9.0,3167.0,193.0,2394.0,106.0,2412.0,58.0,2226.0,2.0,1460.0,229.0,1418.0,7.0,2014-2015,306.0,2014,47,2014-11-24
201448,4277.0,0.0,335.0,280.0,24.0,3722.0,307.0,2782.0,93.0,2810.0,81.0,2577.0,8.0,1559.0,206.0,1765.0,20.0,2014-2015,639.0,2014,48,2014-12-01
201449,5319.0,0.0,497.0,490.0,35.0,4295.0,369.0,2875.0,101.0,2900.0,76.0,2666.0,13.0,1828.0,196.0,1781.0,15.0,2014-2015,1022.0,2014,49,2014-12-08
201450,6435.0,0.0,660.0,1040.0,39.0,4854.0,468.0,2807.0,118.0,2821.0,42.0,2613.0,12.0,1957.0,165.0,2392.0,42.0,2014-2015,1739.0,2014,50,2014-12-15
201451,9963.0,0.0,1259.0,1583.0,56.0,7104.0,668.0,4551.0,143.0,4561.0,62.0,4284.0,16.0,2520.0,222.0,2941.0,55.0,2014-2015,2898.0,2014,51,2014-12-22
201452,9129.0,1.0,809.0,2291.0,52.0,5731.0,547.0,2732.0,94.0,2739.0,33.0,2414.0,10.0,1299.0,106.0,1220.0,34.0,2014-2015,3153.0,2014,52,2014-12-29
201501,16104.0,1.0,1249.0,2800.0,136.0,11454.0,1144.0,7187.0,195.0,7207.0,65.0,6890.0,29.0,3966.0,171.0,3875.0,110.0,2014-2015,4186.0,2015,1,2015-01-05
201453,14004.0,4.0,1734.0,2593.0,102.0,8457.0,848.0,5419.0,145.0,5424.0,46.0,5028.0,14.0,3118.0,136.0,2995.0,92.0,2014-2015,4433.0,2014,53,2015-01-05
201502,13290.0,1.0,1651.0,2096.0,163.0,9525.0,959.0,5939.0,175.0,5951.0,73.0,5344.0,25.0,3286.0,172.0,3502.0,146.0,2014-2015,3911.0,2015,2,2015-01-12
201503,10782.0,6.0,1276.0,1630.0,122.0,8089.0,1011.0,4970.0,155.0,5012.0,63.0,4204.0,23.0,3104.0,165.0,2492.0,143.0,2014-2015,3034.0,2015,3,2015-01-19
201504,10038.0,7.0,966.0,1344.0,161.0,7741.0,1082.0,5051.0,124.0,5085.0,69.0,4513.0,26.0,2789.0,171.0,2616.0,201.0,2014-2015,2478.0,2015,4,2015-01-26
201505,8938.0,6.0,473.0,1227.0,178.0,7028.0,1110.0,4708.0,105.0,4727.0,80.0,4442.0,29.0,2548.0,161.0,2628.0,193.0,2014-2015,1884.0,2015,5,2015-02-02
201506,8074.0,8.0,396.0,887.0,291.0,6149.0,924.0,4344.0,105.0,4355.0,70.0,3790.0,55.0,2350.0,168.0,2441.0,181.0,2014-2015,1582.0,2015,6,2015-02-09
201507,7606.0,7.0,287.0,651.0,400.0,5643.0,873.0,3676.0,110.0,3707.0,74.0,3363.0,40.0,2183.0,154.0,2100.0,174.0,2014-2015,1345.0,2015,7,2015-02-16
201508,7507.0,8.0,229.0,592.0,432.0,5928.0,926.0,4049.0,133.0,4070.0,78.0,3735.0,70.0,2164.0,176.0,2272.0,171.0,2014-2015,1261.0,2015,8,2015-02-23
201509,7005.0,9.0,131.0,456.0,528.0,5396.0,808.0,3667.0,143.0,3687.0,82.0,3356.0,76.0,2123.0,170.0,2168.0,172.0,2014-2015,1124.0,2015,9,2015-03-02
201510,6435.0,6.0,108.0,320.0,632.0,5086.0,616.0,3489.0,144.0,3512.0,61.0,3217.0,81.0,1901.0,145.0,2157.0,136.0,2014-2015,1066.0,2015,10,2015-03-09
201511,5976.0,3.0,84.0,242.0,689.0,4811.0,515.0,3273.0,134.0,3287.0,66.0,3014.0,110.0,1852.0,190.0,1974.0,78.0,2014-2015,1018.0,2015,11,2015-03-16
201512,6063.0,3.0,79.0,201.0,761.0,4733.0,441.0,3121.0,144.0,3142.0,43.0,2827.0,118.0,1860.0,217.0,1797.0,93.0,2014-2015,1044.0,2015,12,2015-03-23
201513,4773.0,1.0,46.0,106.0,626.0,3710.0,300.0,2485.0,120.0,2468.0,37.0,2310.0,143.0,1523.0,207.0,1379.0,56.0,2014-2015,779.0,2015,13,2015-03-30
201514,5090.0,1.0,40.0,70.0,622.0,4047.0,313.0,2690.0,148.0,2715.0,66.0,2478.0,149.0,1523.0,215.0,1631.0,63.0,2014-2015,733.0,2015,14,2015-04-06
201515,5261.0,6.0,57.0,49.0,628.0,4143.0,275.0,2793.0,163.0,2825.0,67.0,2591.0,169.0,1734.0,222.0,1664.0,65.0,2014-2015,740.0,2015,15,2015-04-13
201516,4440.0,3.0,28.0,26.0,502.0,3621.0,175.0,2714.0,194.0,2740.0,63.0,2506.0,143.0,1589.0,235.0,1596.0,52.0,2014-2015,559.0,2015,16,2015-04-20
201517,4143.0,0.0,9.0,28.0,382.0,3564.0,155.0,2539.0,161.0,2563.0,61.0,2327.0,139.0,1403.0,176.0,1481.0,43.0,2014-2015,419.0,2015,17,2015-04-27
201518,3680.0,3.0,5.0,25.0,284.0,3189.0,102.0,2314.0,143.0,2339.0,57.0,2078.0,155.0,1364.0,246.0,1367.0,22.0,2014-2015,317.0,2015,18,2015-05-04
201519,3046.0,0.0,4.0,13.0,219.0,2668.0,55.0,2003.0,127.0,2024.0,52.0,1853.0,127.0,1247.0,216.0,1175.0,22.0,2014-2015,236.0,2015,19,2015-05-11
201520,2577.0,0.0,1.0,2.0,140.0,2273.0,29.0,1736.0,111.0,1759.0,36.0,1617.0,110.0,1048.0,223.0,1131.0,19.0,2014-2015,143.0,2015,20,2015-05-18
201521,2424.0,0.0,1.0,6.0,85.0,2217.0,23.0,1759.0,109.0,1753.0,55.0,1631.0,82.0,1000.0,195.0,1090.0,13.0,2014-2015,92.0,2015,21,2015-05-25
201522,1969.0,0.0,7.0,4.0,53.0,2033.0,23.0,1570.0,99.0,1583.0,43.0,1345.0,56.0,865.0,157.0,944.0,8.0,2014-2015,64.0,2015,22,2015-06-01
201523,2034.0,1.0,7.0,5.0,43.0,1987.0,10.0,1690.0,98.0,1685.0,64.0,1551.0,54.0,946.0,210.0,1101.0,17.0,2014-2015,56.0,2015,23,2015-06-08
201524,1731.0,0.0,10.0,0.0,20.0,1663.0,7.0,1394.0,70.0,1395.0,46.0,1243.0,52.0,799.0,166.0,910.0,6.0,2014-2015,30.0,2015,24,2015-06-15
201525,1573.0,0.0,16.0,10.0,16.0,1534.0,4.0,1262.0,65.0,1260.0,44.0,1146.0,49.0,732.0,171.0,823.0,5.0,2014-2015,42.0,2015,25,2015-06-22
201526,1554.0,0.0,9.0,2.0,5.0,1476.0,5.0,1240.0,56.0,1245.0,50.0,1124.0,25.0,695.0,169.0,802.0,4.0,2014-2015,16.0,2015,26,2015-06-29
201527,1451.0,0.0,3.0,2.0,1.0,1410.0,6.0,1178.0,40.0,1174.0,35.0,1052.0,24.0,643.0,145.0,713.0,4.0,2014-2015,6.0,2015,27,2015-07-06
201528,1436.0,0.0,10.0,1.0,2.0,1405.0,2.0,1166.0,46.0,1165.0,29.0,1073.0,17.0,673.0,153.0,742.0,3.0,2014-2015,13.0,2015,28,2015-07-13
201529,1463.0,1.0,5.0,2.0,2.0,1427.0,2.0,1209.0,36.0,1212.0,36.0,1086.0,16.0,725.0,137.0,839.0,3.0,2014-2015,10.0,2015,29,2015-07-20
201530,1386.0,0.0,10.0,3.0,0.0,1294.0,4.0,1086.0,32.0,1091.0,28.0,961.0,12.0,638.0,121.0,727.0,2.0,2014-2015,13.0,2015,30,2015-07-27
201531,1269.0,1.0,9.0,0.0,4.0,1237.0,3.0,1027.0,24.0,1032.0,27.0,903.0,10.0,586.0,118.0,674.0,1.0,2014-2015,14.0,2015,31,2015-08-03
201532,1251.0,0.0,4.0,0.0,1.0,1204.0,3.0,1043.0,25.0,1050.0,31.0,910.0,10.0,593.0,137.0,714.0,5.0,2014-2015,5.0,2015,32,2015-08-10
201533,1364.0,1.0,10.0,0.0,2.0,1356.0,6.0,1157.0,26.0,1167.0,32.0,1042.0,8.0,673.0,140.0,805.0,2.0,2014-2015,13.0,2015,33,2015-08-17
201534,1382.0,0.0,2.0,5.0,1.0,1346.0,1.0,1134.0,27.0,1129.0,30.0,1006.0,6.0,689.0,121.0,765.0,1.0,2014-2015,8.0,2015,34,2015-08-24
201535,1498.0,1.0,2.0,3.0,3.0,1465.0,7.0,1225.0,33.0,1237.0,17.0,1097.0,12.0,732.0,199.0,835.0,4.0,2015-2016,9.0,2015,35,2015-08-31
201536,1493.0,2.0,11.0,5.0,0.0,1474.0,6.0,1228.0,27.0,1226.0,35.0,1096.0,9.0,720.0,221.0,858.0,1.0,2015-2016,18.0,2015,36,2015-09-07
201537,1778.0,0.0,10.0,4.0,1.0,1752.0,8.0,1488.0,29.0,1511.0,26.0,1379.0,10.0,897.0,296.0,1010.0,3.0,2015-2016,15.0,2015,37,2015-09-14
201538,1987.0,0.0,16.0,13.0,0.0,1879.0,9.0,1623.0,42.0,1628.0,18.0,1484.0,2.0,993.0,331.0,1059.0,2.0,2015-2016,29.0,2015,38,2015-09-21
201539,2365.0,6.0,34.0,13.0,6.0,2197.0,14.0,1830.0,48.0,1834.0,19.0,1692.0,3.0,1104.0,385.0,1221.0,8.0,2015-2016,59.0,2015,39,2015-09-28
201540,2443.0,7.0,27.0,11.0,5.0,2380.0,8.0,2076.0,68.0,2090.0,29.0,1924.0,2.0,1242.0,429.0,1394.0,7.0,2015-2016,50.0,2015,40,2015-10-05
201541,2673.0,4.0,20.0,11.0,2.0,2591.0,15.0,2109.0,78.0,2111.0,38.0,1896.0,8.0,1234.0,384.0,1390.0,2.0,2015-2016,37.0,2015,41,2015-10-12
201542,2972.0,0.0,15.0,8.0,3.0,2843.0,18.0,2350.0,88.0,2375.0,39.0,2196.0,8.0,1408.0,369.0,1559.0,8.0,2015-2016,26.0,2015,42,2015-10-19
201543,3084.0,0.0,5.0,16.0,5.0,2911.0,16.0,2430.0,89.0,2477.0,52.0,2137.0,13.0,1318.0,299.0,1457.0,4.0,2015-2016,26.0,2015,43,2015-10-26
201544,3330.0,5.0,23.0,8.0,4.0,2906.0,24.0,2371.0,114.0,2392.0,69.0,2183.0,11.0,1376.0,291.0,1451.0,9.0,2015-2016,40.0,2015,44,2015-11-02
201545,3230.0,6.0,13.0,19.0,7.0,3013.0,39.0,2363.0,128.0,2352.0,58.0,2226.0,27.0,1252.0,289.0,1544.0,9.0,2015-2016,45.0,2015,45,2015-11-09
201546,3521.0,2.0,37.0,11.0,3.0,3126.0,43.0,2376.0,136.0,2390.0,66.0,2226.0,23.0,1300.0,296.0,1508.0,7.0,2015-2016,53.0,2015,46,2015-11-16
201547,3609.0,8.0,24.0,13.0,7.0,3183.0,57.0,2464.0,148.0,2478.0,73.0,2312.0,20.0,1315.0,274.0,1631.0,6.0,2015-2016,52.0,2015,47,2015-11-23
201548,3569.0,7.0,8.0,12.0,3.0,3211.0,100.0,2425.0,149.0,2347.0,71.0,2265.0,33.0,1280.0,214.0,1462.0,22.0,2015-2016,30.0,2015,48,2015-11-30
201549,3836.0,11.0,21.0,23.0,8.0,3480.0,188.0,2557.0,143.0,2476.0,75.0,2377.0,55.0,1336.0,218.0,1608.0,28.0,2015-2016,63.0,2015,49,2015-12-07
201550,4017.0,36.0,19.0,24.0,16.0,3541.0,240.0,2520.0,150.0,2527.0,79.0,2338.0,54.0,1343.0,186.0,1622.0,25.0,2015-2016,95.0,2015,50,2015-12-14
201551,3487.0,38.0,17.0,24.0,36.0,3134.0,232.0,2191.0,147.0,2248.0,72.0,2162.0,95.0,1298.0,184.0,1314.0,27.0,2015-2016,115.0,2015,51,2015-12-21
201552,4272.0,73.0,9.0,59.0,42.0,3688.0,352.0,2342.0,119.0,2357.0,61.0,2205.0,84.0,1256.0,181.0,1582.0,44.0,2015-2016,183.0,2015,52,2015-12-28
201601,5371.0,138.0,40.0,68.0,68.0,4849.0,465.0,3207.0,163.0,3292.0,88.0,3059.0,136.0,1834.0,193.0,2213.0,78.0,2015-2016,314.0,2016,1,2016-01-04
201602,5315.0,163.0,40.0,87.0,85.0,4689.0,450.0,3108.0,128.0,3117.0,67.0,2963.0,141.0,1896.0,181.0,2181.0,65.0,2015-2016,375.0,2016,2,2016-01-11
201603,5270.0,312.0,61.0,108.0,164.0,4753.0,515.0,3227.0,105.0,3241.0,68.0,3037.0,169.0,2065.0,141.0,2330.0,101.0,2015-2016,645.0,2016,3,2016-01-18
201604,5873.0,483.0,59.0,183.0,208.0,5262.0,631.0,3604.0,100.0,3626.0,57.0,3412.0,177.0,2214.0,164.0,2480.0,94.0,2015-2016,933.0,2016,4,2016-01-25
201605,6739.0,748.0,54.0,351.0,233.0,6127.0,691.0,3939.0,94.0,3949.0,68.0,3681.0,210.0,2576.0,187.0,2856.0,130.0,2015-2016,1386.0,2016,5,2016-02-01
201606,8324.0,998.0,84.0,670.0,315.0,7226.0,846.0,4493.0,92.0,4491.0,56.0,4261.0,226.0,2728.0,168.0,3016.0,105.0,2015-2016,2067.0,2016,6,2016-02-08
201607,8653.0,1101.0,53.0,942.0,388.0,7440.0,667.0,4457.0,83.0,4462.0,58.0,4245.0,257.0,2813.0,169.0,3215.0,140.0,2015-2016,2484.0,2016,7,2016-02-15
201608,11246.0,1352.0,66.0,1801.0,478.0,9023.0,725.0,5570.0,73.0,5593.0,81.0,5273.0,271.0,3094.0,161.0,3538.0,149.0,2015-2016,3697.0,2016,8,2016-02-22
201609,12232.0,1270.0,50.0,2264.0,609.0,9636.0,731.0,5837.0,91.0,5842.0,78.0,5649.0,275.0,3493.0,200.0,3808.0,194.0,2015-2016,4193.0,2016,9,2016-02-29
201610,12933.0,1391.0,54.0,2390.0,820.0,10520.0,728.0,5790.0,69.0,5786.0,87.0,5529.0,243.0,3304.0,223.0,3576.0,153.0,2015-2016,4655.0,2016,10,2016-03-07
201611,12714.0,1007.0,51.0,2028.0,908.0,10329.0,650.0,5687.0,88.0,5696.0,70.0,5615.0,241.0,3203.0,229.0,3451.0,150.0,2015-2016,3994.0,2016,11,2016-03-14
201612,10431.0,606.0,36.0,1539.0,951.0,8797.0,568.0,4939.0,62.0,4954.0,96.0,4674.0,196.0,2751.0,247.0,2938.0,142.0,2015-2016,3132.0,2016,12,2016-03-21
201613,9989.0,529.0,20.0,1258.0,1015.0,8416.0,543.0,4590.0,68.0,4582.0,63.0,4282.0,169.0,2604.0,250.0,2622.0,119.0,2015-2016,2822.0,2016,13,2016-03-28
201614,8830.0,358.0,36.0,820.0,831.0,7626.0,462.0,4242.0,71.0,4253.0,75.0,3965.0,164.0,2281.0,279.0,2583.0,122.0,2015-2016,2045.0,2016,14,2016-04-04
201615,7302.0,216.0,21.0,517.0,760.0,6389.0,372.0,3607.0,71.0,3618.0,77.0,3360.0,128.0,1966.0,261.0,2192.0,76.0,2015-2016,1514.0,2016,15,2016-04-11
201616,6189.0,106.0,16.0,298.0,726.0,5323.0,312.0,3044.0,60.0,3044.0,66.0,2779.0,103.0,1600.0,220.0,1872.0,85.0,2015-2016,1146.0,2016,16,2016-04-18
201617,5330.0,86.0,15.0,172.0,649.0,4477.0,259.0,2805.0,58.0,2772.0,50.0,2498.0,117.0,1509.0,253.0,1824.0,75.0,2015-2016,922.0,2016,17,2016-04-25
201618,5167.0,19.0,17.0,110.0,527.0,4545.0,221.0,2915.0,93.0,2836.0,52.0,2514.0,79.0,1497.0,274.0,1725.0,69.0,2015-2016,673.0,2016,18,2016-05-02
201619,4628.0,35.0,18.0,68.0,432.0,4101.0,189.0,2618.0,96.0,2649.0,49.0,2293.0,74.0,1353.0,289.0,1616.0,60.0,2015-2016,553.0,2016,19,2016-05-09
201620,3911.0,14.0,8.0,38.0,297.0,3567.0,159.0,2207.0,86.0,2233.0,40.0,2001.0,51.0,1183.0,236.0,1421.0,47.0,2015-2016,357.0,2016,20,2016-05-16
201621,3224.0,5.0,10.0,17.0,162.0,2904.0,119.0,1816.0,109.0,1827.0,38.0,1648.0,53.0,966.0,187.0,1177.0,25.0,2015-2016,194.0,2016,21,2016-05-23
201622,2868.0,1.0,13.0,9.0,97.0,2770.0,103.0,2019.0,120.0,2020.0,45.0,1849.0,45.0,1052.0,201.0,1263.0,26.0,2015-2016,120.0,2016,22,2016-05-30
201623,2512.0,5.0,5.0,12.0,33.0,2367.0,80.0,1752.0,105.0,1776.0,30.0,1584.0,39.0,1003.0,219.0,1183.0,22.0,2015-2016,55.0,2016,23,2016-06-06
201624,2306.0,1.0,1.0,5.0,18.0,2234.0,72.0,1721.0,138.0,1738.0,34.0,1568.0,29.0,945.0,210.0,1138.0,10.0,2015-2016,25.0,2016,24,2016-06-13
201625,1996.0,4.0,3.0,6.0,11.0,1959.0,57.0,1497.0,113.0,1504.0,27.0,1355.0,12.0,867.0,179.0,1032.0,16.0,2015-2016,24.0,2016,25,2016-06-20
201626,1874.0,2.0,3.0,4.0,4.0,1841.0,38.0,1490.0,130.0,1485.0,37.0,1334.0,8.0,852.0,193.0,1019.0,18.0,2015-2016,13.0,2016,26,2016-06-27
201627,1760.0,3.0,3.0,5.0,1.0,1733.0,32.0,1398.0,117.0,1401.0,26.0,1262.0,19.0,852.0,184.0,1006.0,13.0,2015-2016,12.0,2016,27,2016-07-04
201628,1850.0,2.0,1.0,4.0,3.0,1823.0,27.0,1491.0,125.0,1491.0,45.0,1352.0,6.0,802.0,177.0,1023.0,12.0,2015-2016,10.0,2016,28,2016-07-11
201629,1773.0,4.0,6.0,6.0,2.0,1719.0,22.0,1477.0,97.0,1458.0,26.0,1361.0,9.0,854.0,183.0,1063.0,14.0,2015-2016,18.0,2016,29,2016-07-18
201630,1515.0,1.0,3.0,2.0,1.0,1482.0,29.0,1352.0,98.0,1350.0,28.0,1213.0,4.0,784.0,160.0,976.0,13.0,2015-2016,7.0,2016,30,2016-07-25
201631,1561.0,0.0,5.0,3.0,1.0,1547.0,22.0,1258.0,71.0,1272.0,21.0,1125.0,8.0,727.0,142.0,899.0,6.0,2015-2016,9.0,2016,31,2016-08-01
201632,1542.0,0.0,4.0,3.0,1.0,1520.0,28.0,1294.0,60.0,1316.0,26.0,1166.0,4.0,793.0,128.0,940.0,8.0,2015-2016,8.0,2016,32,2016-08-08
201633,1769.0,2.0,5.0,5.0,1.0,1782.0,35.0,1492.0,56.0,1526.0,27.0,1342.0,1.0,860.0,163.0,1112.0,8.0,2015-2016,13.0,2016,33,2016-08-15
201634,1665.0,0.0,5.0,7.0,1.0,1647.0,29.0,1372.0,53.0,1401.0,16.0,1235.0,7.0,866.0,160.0,948.0,8.0,2015-2016,13.0,2016,34,2016-08-22
201635,1862.0,0.0,2.0,0.0,0.0,1861.0,25.0,1616.0,49.0,1607.0,26.0,1468.0,11.0,1025.0,230.0,1137.0,5.0,2016-2017,2.0,2016,35,2016-08-29
201636,1632.0,1.0,6.0,2.0,9.0,1646.0,18.0,1351.0,23.0,1373.0,22.0,1216.0,5.0,859.0,246.0,1040.0,4.0,2016-2017,18.0,2016,36,2016-09-05
201637,2103.0,0.0,17.0,3.0,3.0,2117.0,29.0,1751.0,50.0,1745.0,24.0,1616.0,2.0,1069.0,359.0,1255.0,7.0,2016-2017,23.0,2016,37,2016-09-12
201638,2538.0,2.0,28.0,11.0,3.0,2508.0,31.0,2094.0,60.0,2099.0,33.0,1947.0,5.0,1308.0,429.0,1546.0,21.0,2016-2017,44.0,2016,38,2016-09-19
201639,2761.0,1.0,41.0,14.0,7.0,2704.0,35.0,2212.0,47.0,2212.0,28.0,2012.0,3.0,1374.0,511.0,1536.0,10.0,2016-2017,63.0,2016,39,2016-09-26
201640,2982.0,1.0,47.0,5.0,3.0,2957.0,41.0,2385.0,46.0,2393.0,38.0,2243.0,7.0,1512.0,499.0,1669.0,18.0,2016-2017,56.0,2016,40,2016-10-03
201641,2875.0,0.0,31.0,10.0,1.0,2814.0,49.0,2198.0,60.0,2261.0,37.0,2108.0,5.0,1398.0,402.0,1576.0,11.0,2016-2017,42.0,2016,41,2016-10-10
201642,3457.0,2.0,49.0,14.0,6.0,3357.0,71.0,2652.0,70.0,2662.0,39.0,2427.0,7.0,1550.0,421.0,1701.0,20.0,2016-2017,71.0,2016,42,2016-10-17
201643,3458.0,1.0,76.0,16.0,2.0,3326.0,72.0,2610.0,104.0,2620.0,44.0,2447.0,4.0,1522.0,364.0,1699.0,40.0,2016-2017,95.0,2016,43,2016-10-24
201644,3891.0,1.0,110.0,19.0,9.0,3732.0,125.0,2784.0,91.0,2786.0,33.0,2590.0,10.0,1624.0,363.0,1853.0,48.0,2016-2017,139.0,2016,44,2016-10-31
201645,4267.0,2.0,150.0,31.0,11.0,4105.0,182.0,3008.0,97.0,3037.0,65.0,2876.0,19.0,2223.0,491.0,2478.0,68.0,2016-2017,194.0,2016,45,2016-11-07
201646,4621.0,3.0,140.0,52.0,7.0,4271.0,225.0,3004.0,133.0,3013.0,77.0,2851.0,15.0,2543.0,501.0,2740.0,91.0,2016-2017,202.0,2016,46,2016-11-14
201647,4732.0,0.0,200.0,45.0,9.0,4316.0,375.0,3054.0,133.0,3061.0,85.0,2875.0,20.0,2585.0,422.0,2762.0,90.0,2016-2017,254.0,2016,47,2016-11-21
201648,5547.0,3.0,272.0,91.0,7.0,5048.0,478.0,3452.0,137.0,3499.0,117.0,3287.0,29.0,2893.0,387.0,3114.0,134.0,2016-2017,373.0,2016,48,2016-11-28
201649,5932.0,2.0,414.0,141.0,12.0,5440.0,667.0,3710.0,147.0,3720.0,90.0,3510.0,28.0,3135.0,410.0,3429.0,178.0,2016-2017,569.0,2016,49,2016-12-05
201650,6858.0,1.0,467.0,297.0,18.0,6210.0,819.0,3974.0,168.0,3979.0,105.0,3838.0,60.0,3322.0,339.0,3643.0,220.0,2016-2017,783.0,2016,50,2016-12-12
201651,8102.0,1.0,750.0,535.0,17.0,7386.0,1125.0,4413.0,160.0,4412.0,100.0,4235.0,70.0,3820.0,347.0,4100.0,274.0,2016-2017,1303.0,2016,51,2016-12-19
201652,8461.0,3.0,1064.0,852.0,33.0,7383.0,1314.0,4389.0,173.0,4400.0,87.0,4226.0,85.0,3719.0,232.0,4099.0,276.0,2016-2017,1952.0,2016,52,2016-12-26
201701,11770.0,1.0,1360.0,1438.0,38.0,10451.0,1632.0,5881.0,206.0,5943.0,101.0,5795.0,132.0,5090.0,288.0,5641.0,416.0,2016-2017,2837.0,2017,1,2017-01-02
201702,13574.0,10.0,2118.0,1510.0,39.0,11574.0,1626.0,6770.0,209.0,6773.0,100.0,6585.0,150.0,5980.0,306.0,6413.0,506.0,2016-2017,3677.0,2017,2,2017-01-09
201703,12102.0,5.0,1412.0,1350.0,47.0,10408.0,1619.0,5946.0,154.0,5941.0,81.0,5891.0,182.0,5157.0,229.0,5682.0,445.0,2016-2017,2814.0,2017,3,2017-01-16
201704,11367.0,1.0,1220.0,1334.0,47.0,10220.0,1623.0,5460.0,167.0,5396.0,99.0,5321.0,137.0,4662.0,267.0,5144.0,375.0,2016-2017,2602.0,2017,4,2017-01-23
201705,10651.0,8.0,1290.0,1222.0,62.0,9344.0,1526.0,4714.0,164.0,4708.0,91.0,4557.0,135.0,3892.0,247.0,4395.0,281.0,2016-2017,2582.0,2017,5,2017-01-30
201706,10423.0,9.0,1225.0,1200.0,81.0,9218.0,1410.0,4825.0,140.0,4852.0,88.0,4722.0,136.0,4059.0,268.0,4515.0,381.0,2016-2017,2515.0,2017,6,2017-02-06
201707,10199.0,11.0,1141.0,1291.0,97.0,8680.0,1348.0,4476.0,144.0,4475.0,72.0,4395.0,141.0,3657.0,273.0,4184.0,335.0,2016-2017,2540.0,2017,7,2017-02-13
201708,9937.0,17.0,899.0,1344.0,128.0,8922.0,1198.0,4173.0,134.0,4171.0,76.0,4019.0,151.0,3366.0,229.0,3768.0,255.0,2016-2017,2388.0,2017,8,2017-02-20
201709,9560.0,7.0,935.0,977.0,159.0,8704.0,1069.0,4324.0,145.0,4313.0,78.0,4239.0,201.0,3534.0,318.0,4011.0,306.0,2016-2017,2078.0,2017,9,2017-02-27
201710,8535.0,14.0,726.0,802.0,203.0,7739.0,873.0,3730.0,156.0,3730.0,83.0,3645.0,173.0,3000.0,285.0,3382.0,282.0,2016-2017,1745.0,2017,10,2017-03-06
201711,7603.0,13.0,347.0,629.0,242.0,6963.0,700.0,3709.0,170.0,3699.0,86.0,3623.0,179.0,2994.0,283.0,3356.0,269.0,2016-2017,1231.0,2017,11,2017-03-13
201712,7053.0,1.0,259.0,498.0,302.0,6534.0,575.0,3655.0,181.0,3662.0,78.0,3589.0,211.0,2938.0,297.0,3261.0,228.0,2016-2017,1060.0,2017,12,2017-03-20
201713,6236.0,5.0,221.0,369.0,309.0,5611.0,479.0,3299.0,172.0,3298.0,70.0,3226.0,190.0,2642.0,258.0,2964.0,242.0,2016-2017,904.0,2017,13,2017-03-27
201714,6143.0,6.0,134.0,273.0,365.0,5662.0,357.0,3419.0,214.0,3372.0,78.0,3276.0,200.0,2679.0,331.0,3041.0,237.0,2016-2017,778.0,2017,14,2017-04-03
201715,5148.0,5.0,73.0,216.0,321.0,4831.0,258.0,2819.0,148.0,2826.0,74.0,2740.0,196.0,2191.0,315.0,2553.0,141.0,2016-2017,615.0,2017,15,2017-04-10
201716,5000.0,9.0,59.0,167.0,347.0,4678.0,206.0,2802.0,189.0,2800.0,90.0,2697.0,193.0,2254.0,363.0,2547.0,127.0,2016-2017,582.0,2017,16,2017-04-17
201717,4807.0,2.0,39.0,112.0,316.0,4521.0,176.0,2923.0,226.0,2878.0,73.0,2722.0,179.0,2296.0,420.0,2596.0,90.0,2016-2017,469.0,2017,17,2017-04-24
201718,4161.0,5.0,49.0,62.0,283.0,4012.0,114.0,2712.0,171.0,2700.0,78.0,2529.0,161.0,2176.0,398.0,2429.0,73.0,2016-2017,399.0,2017,18,2017-05-01
201719,3891.0,0.0,30.0,36.0,259.0,3681.0,90.0,2433.0,142.0,2434.0,64.0,2321.0,119.0,1912.0,415.0,2164.0,40.0,2016-2017,325.0,2017,19,2017-05-08
201720,3870.0,2.0,26.0,13.0,228.0,3683.0,78.0,2472.0,174.0,2475.0,83.0,2322.0,155.0,1982.0,486.0,2192.0,55.0,2016-2017,269.0,2017,20,2017-05-15
201721,3220.0,0.0,12.0,13.0,168.0,3102.0,38.0,2305.0,150.0,2309.0,81.0,2202.0,115.0,1856.0,480.0,2111.0,50.0,2016-2017,193.0,2017,21,2017-05-22
201722,2989.0,7.0,14.0,9.0,94.0,2893.0,25.0,2190.0,131.0,2171.0,75.0,2078.0,112.0,1751.0,416.0,1972.0,35.0,2016-2017,124.0,2017,22,2017-05-29
201723,2696.0,1.0,8.0,13.0,75.0,2581.0,20.0,2002.0,103.0,2001.0,51.0,1892.0,85.0,1593.0,359.0,1779.0,17.0,2016-2017,97.0,2017,23,2017-06-05
201724,2556.0,1.0,4.0,4.0,48.0,2501.0,24.0,1874.0,108.0,1880.0,70.0,1789.0,61.0,1424.0,381.0,1679.0,21.0,2016-2017,57.0,2017,24,2017-06-12
201725,2150.0,1.0,3.0,7.0,29.0,2122.0,9.0,1659.0,72.0,1662.0,46.0,1560.0,41.0,1107.0,264.0,1354.0,12.0,2016-2017,40.0,2017,25,2017-06-19
201726,1939.0,1.0,3.0,9.0,21.0,1920.0,7.0,1521.0,86.0,1525.0,37.0,1424.0,38.0,932.0,237.0,1097.0,4.0,2016-2017,34.0,2017,26,2017-06-26
201727,2016.0,4.0,23.0,9.0,21.0,1980.0,6.0,1536.0,58.0,1544.0,46.0,1446.0,34.0,910.0,267.0,1184.0,5.0,2016-2017,57.0,2017,27,2017-07-03
201728,2043.0,0.0,8.0,5.0,12.0,2013.0,7.0,1648.0,69.0,1646.0,43.0,1563.0,18.0,994.0,252.0,1255.0,7.0,2016-2017,25.0,2017,28,2017-07-10
201729,1813.0,3.0,16.0,6.0,2.0,1806.0,2.0,1463.0,55.0,1465.0,44.0,1378.0,15.0,902.0,203.0,1209.0,2.0,2016-2017,27.0,2017,29,2017-07-17
201730,1710.0,2.0,13.0,7.0,3.0,1683.0,5.0,1346.0,59.0,1348.0,36.0,1270.0,15.0,824.0,173.0,1054.0,4.0,2016-2017,25.0,2017,30,2017-07-24
201731,1655.0,3.0,16.0,7.0,6.0,1644.0,6.0,1328.0,43.0,1332.0,31.0,1257.0,17.0,786.0,157.0,1075.0,6.0,2016-2017,32.0,2017,31,2017-07-31
201732,1615.0,1.0,9.0,5.0,4.0,1591.0,6.0,1354.0,36.0,1354.0,24.0,1302.0,7.0,844.0,220.0,1146.0,10.0,2016-2017,19.0,2017,32,2017-08-07
201733,1659.0,0.0,9.0,16.0,3.0,1639.0,10.0,1385.0,40.0,1381.0,32.0,1286.0,9.0,876.0,193.0,1136.0,4.0,2016-2017,28.0,2017,33,2017-08-14
201734,1680.0,0.0,7.0,10.0,1.0,1668.0,7.0,1356.0,49.0,1370.0,20.0,1323.0,14.0,863.0,185.0,1095.0,3.0,2016-2017,18.0,2017,34,2017-08-21
