date,max_temp,min_temp,mean_temp,cooling_deficit,max_temp_3day,days_above_30,heat_index,risk_label,risk_encoded
2019-01-07,5.8,0.5,3.2,5.3,7.466666666666668,0.0,4.739999999999999,Low,0
2019-01-08,5.5,-1.0,2.3,6.5,6.3999999999999995,0.0,4.2,Low,0
2019-01-09,10.5,3.8,7.2,6.7,7.266666666666666,0.0,9.16,Low,0
2019-01-10,11.1,8.2,9.7,2.9000000000000004,9.033333333333333,0.0,10.520000000000001,Low,0
2019-01-11,10.2,3.5,6.9,6.699999999999999,10.6,0.0,8.86,Low,0
2019-01-12,11.3,-0.2,5.6,11.5,10.866666666666665,0.0,9.000000000000002,Low,0
2019-01-13,8.7,0.8,4.8,7.8999999999999995,10.066666666666665,0.0,7.12,Low,0
2019-01-14,4.9,-1.9,1.5,6.800000000000001,8.299999999999999,0.0,3.5400000000000005,Low,0
2019-01-15,5.3,-2.0,1.7,7.3,6.3,0.0,3.8400000000000003,Low,0
2019-01-16,7.2,-1.8,2.7,9.0,5.8,0.0,5.4,Low,0
2019-01-17,10.4,0.1,5.3,10.3,7.633333333333333,0.0,8.34,Low,0
2019-01-18,9.8,6.8,8.3,3.000000000000001,9.133333333333333,0.0,9.200000000000001,Low,0
2019-01-19,9.6,4.2,6.9,5.3999999999999995,9.933333333333332,0.0,8.52,Low,0
2019-01-20,7.3,1.9,4.6,5.4,8.9,0.0,6.22,Low,0
2019-01-21,7.0,-1.6,2.7,8.6,7.966666666666666,0.0,5.28,Low,0
2019-01-22,5.7,3.5,4.6,2.2,6.666666666666667,0.0,5.260000000000001,Low,0
2019-01-23,6.8,4.5,5.7,2.3,6.499999999999999,0.0,6.340000000000001,Low,0
2019-01-24,7.3,4.8,6.1,2.5,6.599999999999999,0.0,6.8,Low,0
2019-01-25,7.7,3.8,5.8,3.9000000000000004,7.266666666666666,0.0,6.92,Low,0
2019-01-26,7.9,4.1,6.0,3.8000000000000007,7.633333333333333,0.0,7.140000000000001,Low,0
2019-01-27,7.5,0.8,4.2,6.7,7.699999999999999,0.0,6.16,Low,0
2019-01-28,7.2,-1.6,2.8,8.8,7.533333333333334,0.0,5.44,Low,0
2019-01-29,7.5,-3.0,2.3,10.5,7.399999999999999,0.0,5.4,Low,0
2019-01-30,6.2,-0.7,2.8,6.9,6.966666666666666,0.0,4.820000000000001,Low,0
2019-01-31,8.5,3.5,6.0,5.0,7.3999999999999995,0.0,7.500000000000001,Low,0
2019-02-01,8.5,5.5,7.0,3.0,7.733333333333333,0.0,7.9,Low,0
2019-02-02,7.4,2.4,4.9,5.0,8.133333333333333,0.0,6.4,Low,0
2019-02-03,4.2,-4.0,0.1,8.2,6.7,0.0,2.5600000000000005,Low,0
2019-02-04,0.7,-6.2,-2.8,6.9,4.1000000000000005,0.0,-0.6800000000000003,Low,0
2019-02-05,0.5,-8.2,-3.9,8.7,1.8,0.0,-1.2399999999999998,Low,0
2019-02-06,1.6,-7.3,-2.9,8.9,0.9333333333333332,0.0,-0.17999999999999972,Low,0
2019-02-07,2.0,-5.9,-2.0,7.9,1.3666666666666665,0.0,0.41999999999999993,Low,0
2019-02-08,1.4,-3.1,-0.9,4.5,1.6666666666666667,0.0,0.4999999999999998,Low,0
2019-02-09,4.1,-4.8,-0.4,8.899999999999999,2.5,0.0,2.32,Low,0
2019-02-10,-1.5,-8.8,-5.2,7.300000000000001,1.3333333333333333,0.0,-2.9600000000000004,Low,0
2019-02-11,-1.4,-6.9,-4.2,5.5,0.4000000000000001,0.0,-2.5,Low,0
2019-02-12,-0.9,-3.2,-2.1,2.3000000000000003,-1.2666666666666664,0.0,-1.3600000000000003,Low,0
2019-02-13,1.6,-4.1,-1.3,5.699999999999999,-0.2333333333333331,0.0,0.4600000000000003,Low,0
2019-02-14,2.3,-8.5,-3.1,10.8,1.0000000000000002,0.0,0.13999999999999968,Low,0
2019-02-15,3.5,1.1,2.3,2.4,2.466666666666667,0.0,3.0200000000000005,Low,0
2019-02-16,5.4,-0.6,2.4,6.0,3.733333333333334,0.0,4.2,Low,0
2019-02-17,6.3,-0.8,2.8,7.1,5.066666666666666,0.0,4.88,Low,0
2019-02-18,3.7,-1.9,0.9,5.6,5.133333333333334,0.0,2.5800000000000005,Low,0
2019-02-19,2.8,0.4,1.6,2.4,4.266666666666667,0.0,2.32,Low,0
2019-02-20,6.1,-0.2,3.0,6.3,4.2,0.0,4.84,Low,0
2019-02-21,6.3,-3.6,1.4,9.9,5.066666666666666,0.0,4.32,Low,0
2019-02-22,5.9,0.9,3.4,5.0,6.1000000000000005,0.0,4.9,Low,0
2019-02-23,6.8,1.1,4.0,5.699999999999999,6.333333333333333,0.0,5.66,Low,0
2019-02-24,6.7,-1.6,2.6,8.3,6.466666666666666,0.0,5.04,Low,0
2019-02-25,5.2,-4.7,0.3,9.9,6.233333333333334,0.0,3.22,Low,0
2019-02-26,6.0,-6.5,-0.3,12.5,5.966666666666666,0.0,3.500000000000001,Low,0
2019-02-27,5.2,-4.1,0.6,9.3,5.466666666666668,0.0,3.3400000000000003,Low,0
2019-02-28,7.1,-1.0,3.1,8.1,6.1000000000000005,0.0,5.4799999999999995,Low,0
2019-03-01,6.3,-4.5,0.9,10.8,6.2,0.0,4.14,Low,0
2019-03-02,6.9,-4.6,1.2,11.5,6.766666666666667,0.0,4.6000000000000005,Low,0
2019-03-03,6.0,-0.9,2.6,6.9,6.3999999999999995,0.0,4.620000000000001,Low,0
2019-03-04,5.4,-4.4,0.5,9.8,6.1000000000000005,0.0,3.4400000000000004,Low,0
2019-03-05,8.0,-4.3,1.9,12.3,6.466666666666666,0.0,5.54,Low,0
2019-03-06,4.5,-4.7,-0.1,9.2,5.966666666666666,0.0,2.66,Low,0
2019-03-07,5.0,0.0,2.5,5.0,5.833333333333333,0.0,4.0,Low,0
2019-03-08,6.2,-0.1,3.1,6.3,5.233333333333333,0.0,4.940000000000001,Low,0
2019-03-09,7.0,-4.3,1.4,11.3,6.066666666666666,0.0,4.74,Low,0
2019-03-10,7.7,-3.3,2.2,11.0,6.966666666666666,0.0,5.5,Low,0
2019-03-11,7.2,2.1,4.7,5.1,7.300000000000001,0.0,6.180000000000001,Low,0
2019-03-12,8.6,1.6,5.1,7.0,7.833333333333333,0.0,7.2,Low,0
2019-03-13,10.2,2.4,6.3,7.799999999999999,8.666666666666666,0.0,8.64,Low,0
2019-03-14,9.9,3.4,6.7,6.5,9.566666666666666,0.0,8.600000000000001,Low,0
2019-03-15,12.5,3.8,8.2,8.7,10.866666666666665,0.0,10.76,Low,0
2019-03-16,11.0,2.3,6.7,8.7,11.133333333333333,0.0,9.260000000000002,Low,0
2019-03-17,11.9,1.4,6.7,10.5,11.799999999999999,0.0,9.8,Low,0
2019-03-18,14.0,1.2,7.6,12.8,12.299999999999999,0.0,11.440000000000001,Low,0
2019-03-19,15.4,2.9,9.2,12.5,13.766666666666666,0.0,12.9,Low,0
2019-03-20,13.7,1.8,7.8,11.899999999999999,14.366666666666665,0.0,11.32,Low,0
2019-03-21,16.7,3.1,9.9,13.6,15.266666666666666,0.0,13.98,Low,0
2019-03-22,17.3,8.4,12.9,8.9,15.9,0.0,15.520000000000001,Low,0
2019-03-23,13.4,5.1,9.3,8.3,15.799999999999999,0.0,11.74,Low,0
2019-03-24,10.6,2.8,6.7,7.8,13.766666666666666,0.0,9.040000000000001,Low,0
2019-03-25,11.4,3.9,7.7,7.5,11.799999999999999,0.0,9.9,Low,0
2019-03-26,13.0,6.9,10.0,6.1,11.666666666666666,0.0,11.780000000000001,Low,0
2019-03-27,12.3,0.1,6.2,12.200000000000001,12.233333333333334,0.0,9.860000000000001,Low,0
2019-03-28,14.3,6.2,10.3,8.100000000000001,13.200000000000001,0.0,12.680000000000001,Low,0
2019-03-29,14.2,3.5,8.9,10.7,13.600000000000001,0.0,12.059999999999999,Low,0
2019-03-30,13.7,4.0,8.9,9.7,14.066666666666665,0.0,11.760000000000002,Low,0
2019-03-31,13.9,3.7,8.8,10.2,13.933333333333332,0.0,11.860000000000001,Low,0
2019-04-01,14.9,3.2,9.1,11.7,14.166666666666666,0.0,12.560000000000002,Low,0
2019-04-02,15.8,2.7,9.3,13.100000000000001,14.866666666666667,0.0,13.18,Low,0
2019-04-03,14.6,9.1,11.9,5.5,15.1,0.0,13.5,Low,0
2019-04-04,13.7,8.0,10.9,5.699999999999999,14.700000000000001,0.0,12.56,Low,0
2019-04-05,14.6,7.9,11.3,6.699999999999999,14.299999999999999,0.0,13.26,Low,0
2019-04-06,11.8,7.1,9.5,4.700000000000001,13.366666666666667,0.0,10.860000000000001,Low,0
2019-04-07,14.1,6.8,10.5,7.3,13.5,0.0,12.64,Low,0
2019-04-08,11.4,4.2,7.8,7.2,12.433333333333332,0.0,9.96,Low,0
2019-04-09,13.2,7.3,10.3,5.8999999999999995,12.9,0.0,12.02,Low,0
2019-04-10,11.8,6.6,9.2,5.200000000000001,12.133333333333333,0.0,10.760000000000002,Low,0
2019-04-11,9.1,6.5,7.8,2.5999999999999996,11.366666666666667,0.0,8.58,Low,0
2019-04-12,11.4,3.6,7.5,7.800000000000001,10.766666666666666,0.0,9.840000000000002,Low,0
2019-04-13,11.1,6.9,9.0,4.199999999999999,10.533333333333333,0.0,10.260000000000002,Low,0
2019-04-14,10.8,3.6,7.2,7.200000000000001,11.1,0.0,9.360000000000001,Low,0
2019-04-15,10.9,3.6,7.3,7.300000000000001,10.933333333333335,0.0,9.440000000000001,Low,0
2019-04-16,12.3,1.6,7.0,10.700000000000001,11.333333333333334,0.0,10.160000000000002,Low,0
2019-04-17,15.4,7.5,11.5,7.9,12.866666666666667,0.0,13.82,Low,0
2019-04-18,11.6,9.6,10.6,2.0,13.100000000000001,0.0,11.2,Low,0
2019-04-19,13.6,9.6,11.6,4.0,13.533333333333331,0.0,12.8,Low,0
2019-04-20,13.6,7.8,10.7,5.8,12.933333333333332,0.0,12.440000000000001,Low,0
2019-04-21,14.9,6.2,10.6,8.7,14.033333333333331,0.0,13.160000000000002,Low,0
2019-04-22,11.3,8.7,10.0,2.6000000000000014,13.266666666666666,0.0,10.780000000000001,Low,0
2019-04-23,14.3,9.4,11.9,4.9,13.5,0.0,13.320000000000002,Low,0
2019-04-24,12.7,6.1,9.4,6.6,12.766666666666666,0.0,11.38,Low,0
2019-04-25,12.7,1.1,6.9,11.6,13.233333333333334,0.0,10.38,Low,0
2019-04-26,13.1,7.7,10.4,5.3999999999999995,12.833333333333334,0.0,12.02,Low,0
2019-04-27,12.4,6.5,9.5,5.9,12.733333333333334,0.0,11.220000000000002,Low,0
2019-04-28,14.6,1.9,8.3,12.7,13.366666666666667,0.0,12.06,Low,0
2019-04-29,15.9,2.2,9.1,13.7,14.299999999999999,0.0,13.16,Low,0
2019-04-30,15.4,4.0,9.7,11.4,15.299999999999999,0.0,13.120000000000001,Low,0
2019-05-01,16.9,7.6,12.3,9.299999999999999,16.066666666666666,0.0,15.04,Low,0
2019-05-02,16.4,7.8,12.1,8.599999999999998,16.23333333333333,0.0,14.68,Low,0
2019-05-03,14.8,9.4,12.1,5.4,16.03333333333333,0.0,13.720000000000002,Low,0
2019-05-04,16.4,5.3,10.9,11.099999999999998,15.866666666666665,0.0,14.18,Low,0
2019-05-05,16.4,6.2,11.3,10.2,15.866666666666665,0.0,14.36,Low,0
2019-05-06,17.4,8.6,13.0,8.799999999999999,16.733333333333334,0.0,15.64,Low,0
2019-05-07,17.1,10.7,13.9,6.400000000000002,16.966666666666665,0.0,15.820000000000002,Low,0
2019-05-08,17.5,11.0,14.3,6.5,17.333333333333332,0.0,16.2,Low,0
2019-05-09,21.4,9.9,15.7,11.499999999999998,18.666666666666668,0.0,19.1,Low,0
2019-05-10,22.9,9.7,16.3,13.2,20.599999999999998,0.0,20.26,Moderate,1
2019-05-11,21.4,10.8,16.1,10.599999999999998,21.900000000000002,0.0,19.28,Moderate,1
2019-05-12,16.6,11.2,13.9,5.400000000000002,20.299999999999997,0.0,15.520000000000001,Moderate,1
2019-05-13,16.6,8.4,12.5,8.200000000000001,18.200000000000003,0.0,14.96,Low,0
2019-05-14,14.8,10.8,12.8,4.0,16.0,0.0,14.000000000000002,Low,0
2019-05-15,17.6,10.6,14.1,7.000000000000002,16.333333333333332,0.0,16.200000000000003,Low,0
2019-05-16,17.6,11.7,14.7,5.900000000000002,16.666666666666668,0.0,16.42,Low,0
2019-05-17,17.0,11.1,14.1,5.9,17.400000000000002,0.0,15.820000000000002,Low,0
2019-05-18,18.2,11.4,14.8,6.799999999999999,17.599999999999998,0.0,16.84,Low,0
2019-05-19,21.1,9.3,15.2,11.8,18.76666666666667,0.0,18.740000000000002,Low,0
2019-05-20,14.5,10.9,12.7,3.5999999999999996,17.933333333333334,0.0,13.780000000000001,Low,0
2019-05-21,18.4,10.0,14.2,8.399999999999999,18.0,0.0,16.72,Low,0
2019-05-22,20.2,8.7,14.5,11.5,17.7,0.0,17.9,Low,0
2019-05-23,19.9,9.4,14.7,10.499999999999998,19.5,0.0,17.8,Low,0
2019-05-24,16.4,12.0,14.2,4.399999999999999,18.833333333333332,0.0,15.52,Low,0
2019-05-25,15.1,10.2,12.7,4.9,17.13333333333333,0.0,14.120000000000001,Low,0
2019-05-26,20.6,7.6,14.1,13.000000000000002,17.366666666666664,0.0,18.0,Low,0
2019-05-27,23.9,11.8,17.9,12.099999999999998,19.866666666666664,0.0,21.48,Moderate,1
2019-05-28,19.5,12.4,16.0,7.1,21.333333333333332,0.0,18.080000000000002,Moderate,1
2019-05-29,19.1,11.4,15.3,7.700000000000001,20.833333333333332,0.0,17.560000000000002,Moderate,1
2019-05-30,21.2,9.9,15.6,11.299999999999999,19.933333333333334,0.0,18.94,Low,0
2019-05-31,22.2,11.3,16.8,10.899999999999999,20.833333333333332,0.0,20.020000000000003,Moderate,1
2019-06-01,21.2,11.1,16.2,10.1,21.53333333333333,0.0,19.18,Moderate,1
2019-06-02,24.3,13.7,19.0,10.600000000000001,22.566666666666663,0.0,22.18,Moderate,1
2019-06-03,20.9,10.7,15.8,10.2,22.13333333333333,0.0,18.86,Moderate,1
2019-06-04,20.0,9.4,14.7,10.6,21.73333333333333,0.0,17.88,Moderate,1
2019-06-05,17.2,12.3,14.8,4.899999999999999,19.366666666666664,0.0,16.22,Low,0
2019-06-06,17.9,7.9,12.9,9.999999999999998,18.366666666666664,0.0,15.9,Low,0
2019-06-07,17.6,9.3,13.5,8.3,17.566666666666666,0.0,15.940000000000001,Low,0
2019-06-08,19.5,9.8,14.7,9.7,18.333333333333332,0.0,17.560000000000002,Low,0
2019-06-09,20.1,9.9,15.0,10.200000000000001,19.066666666666666,0.0,18.060000000000002,Low,0
2019-06-10,20.6,13.2,16.9,7.400000000000002,20.066666666666666,0.0,19.12,Moderate,1
2019-06-11,23.6,11.2,17.4,12.400000000000002,21.433333333333337,0.0,21.12,Moderate,1
2019-06-12,29.9,14.3,22.1,15.599999999999998,24.7,0.0,26.78,Moderate,1
2019-06-13,24.7,15.1,19.9,9.6,26.066666666666666,0.0,22.78,Moderate,1
2019-06-14,20.1,12.4,16.3,7.700000000000001,24.899999999999995,0.0,18.560000000000002,Moderate,1
2019-06-15,22.0,11.8,16.9,10.2,22.266666666666666,0.0,19.96,Moderate,1
2019-06-16,22.7,11.5,17.1,11.2,21.599999999999998,0.0,20.46,Moderate,1
2019-06-17,23.5,12.7,18.1,10.8,22.73333333333333,0.0,21.34,Moderate,1
2019-06-18,22.0,14.3,18.2,7.699999999999999,22.73333333333333,0.0,20.46,Moderate,1
2019-06-19,20.0,12.4,16.2,7.6,21.833333333333332,0.0,18.48,Moderate,1
2019-06-20,19.5,10.8,15.2,8.7,20.499999999999996,0.0,17.76,Moderate,1
2019-06-21,22.0,11.2,16.6,10.8,20.5,0.0,19.84,Moderate,1
2019-06-22,19.5,13.2,16.4,6.300000000000001,20.333333333333332,0.0,18.240000000000002,Moderate,1
2019-06-23,19.0,11.9,15.5,7.1,20.166666666666668,0.0,17.580000000000002,Moderate,1
2019-06-24,19.9,12.1,16.0,7.799999999999999,19.466666666666665,0.0,18.34,Low,0
2019-06-25,21.2,10.7,16.0,10.5,20.03333333333333,0.0,19.1,Moderate,1
2019-06-26,21.4,13.4,17.4,7.999999999999998,20.83333333333333,0.0,19.8,Moderate,1
2019-06-27,20.3,13.2,16.8,7.100000000000001,20.966666666666665,0.0,18.880000000000003,Moderate,1
2019-06-28,19.3,13.2,16.3,6.100000000000001,20.333333333333332,0.0,18.080000000000002,Moderate,1
2019-06-29,21.6,13.5,17.6,8.100000000000001,20.400000000000002,0.0,19.98,Moderate,1
2019-06-30,22.5,10.1,16.3,12.4,21.133333333333336,0.0,20.02,Moderate,1
2019-07-01,24.4,12.6,18.5,11.799999999999999,22.833333333333332,0.0,22.04,Moderate,1
2019-07-02,20.0,13.7,16.9,6.300000000000001,22.299999999999997,0.0,18.740000000000002,Moderate,1
2019-07-03,21.1,14.8,18.0,6.300000000000001,21.833333333333332,0.0,19.840000000000003,Moderate,1
2019-07-04,19.8,14.5,17.2,5.300000000000001,20.3,0.0,18.740000000000002,Moderate,1
2019-07-05,17.9,13.7,15.8,4.199999999999999,19.599999999999998,0.0,17.060000000000002,Low,0
2019-07-06,20.3,12.4,16.4,7.9,19.333333333333332,0.0,18.720000000000002,Low,0
2019-07-07,18.6,13.8,16.2,4.800000000000001,18.933333333333334,0.0,17.640000000000004,Low,0
2019-07-08,21.4,11.1,16.3,10.299999999999999,20.099999999999998,0.0,19.34,Moderate,1
2019-07-09,22.8,13.3,18.1,9.5,20.933333333333334,0.0,20.900000000000002,Moderate,1
2019-07-10,22.0,15.9,19.0,6.1,22.066666666666663,0.0,20.78,Moderate,1
2019-07-11,23.0,14.5,18.8,8.5,22.599999999999998,0.0,21.300000000000004,Moderate,1
2019-07-12,22.6,13.8,18.2,8.8,22.53333333333333,0.0,20.840000000000003,Moderate,1
2019-07-13,24.6,15.4,20.0,9.200000000000001,23.400000000000002,0.0,22.760000000000005,Moderate,1
2019-07-14,23.5,14.0,18.8,9.5,23.566666666666666,0.0,21.6,Moderate,1
2019-07-15,23.7,14.0,18.9,9.7,23.933333333333334,0.0,21.76,Moderate,1
2019-07-16,24.2,14.5,19.4,9.7,23.8,0.0,22.259999999999998,Moderate,1
2019-07-17,22.5,14.7,18.6,7.800000000000001,23.46666666666667,0.0,20.94,Moderate,1
2019-07-18,21.1,15.2,18.2,5.900000000000002,22.599999999999998,0.0,19.92,Moderate,1
2019-07-19,19.7,13.6,16.7,6.1,21.099999999999998,0.0,18.48,Moderate,1
2019-07-20,22.8,10.4,16.6,12.4,21.2,0.0,20.32,Moderate,1
2019-07-21,28.5,11.6,20.1,16.9,23.666666666666668,0.0,25.12,Moderate,1
2019-07-22,26.4,14.4,20.4,11.999999999999998,25.899999999999995,0.0,24.0,Moderate,1
2019-07-23,23.6,14.1,18.9,9.500000000000002,26.166666666666668,0.0,21.700000000000003,Moderate,1
2019-07-24,23.2,14.4,18.8,8.799999999999999,24.400000000000002,0.0,21.439999999999998,Moderate,1
2019-07-25,23.8,14.6,19.2,9.200000000000001,23.53333333333333,0.0,21.96,Moderate,1
2019-07-26,29.2,14.4,21.8,14.799999999999999,25.400000000000002,0.0,26.24,High,2
2019-07-27,22.9,17.2,20.1,5.699999999999999,25.299999999999997,0.0,21.76,Moderate,1
2019-07-28,23.2,12.6,17.9,10.6,25.099999999999998,0.0,21.08,Moderate,1
2019-07-29,22.8,14.4,18.6,8.4,22.966666666666665,0.0,21.12,Moderate,1
2019-07-30,23.3,15.2,19.3,8.100000000000001,23.099999999999998,0.0,21.68,Moderate,1
2019-07-31,23.4,17.4,20.4,6.0,23.166666666666668,0.0,22.2,Moderate,1
2019-08-01,24.9,16.1,20.5,8.799999999999997,23.866666666666664,0.0,23.14,Moderate,1
2019-08-02,25.2,16.9,21.1,8.3,24.5,0.0,23.54,Moderate,1
2019-08-03,23.6,13.8,18.7,9.8,24.566666666666663,0.0,21.640000000000004,Moderate,1
2019-08-04,24.5,14.5,19.5,10.0,24.433333333333334,0.0,22.5,Moderate,1
2019-08-05,25.4,12.9,19.2,12.499999999999998,24.5,0.0,22.9,Moderate,1
2019-08-06,24.7,13.9,19.3,10.799999999999999,24.866666666666664,0.0,22.540000000000003,Moderate,1
2019-08-07,25.8,13.9,19.9,11.9,25.299999999999997,0.0,23.42,Moderate,1
2019-08-08,23.2,14.5,18.9,8.7,24.566666666666663,0.0,21.46,Moderate,1
2019-08-09,22.6,16.2,19.4,6.400000000000002,23.866666666666664,0.0,21.32,Moderate,1
2019-08-10,19.9,16.1,18.0,3.799999999999997,21.899999999999995,0.0,19.14,Moderate,1
2019-08-11,20.9,15.1,18.0,5.799999999999999,21.13333333333333,0.0,19.74,Moderate,1
2019-08-12,23.3,14.0,18.7,9.3,21.366666666666664,0.0,21.44,Moderate,1
2019-08-13,23.8,11.9,17.9,11.9,22.666666666666668,0.0,21.42,Moderate,1
2019-08-14,24.6,13.7,19.2,10.900000000000002,23.900000000000002,0.0,22.42,Moderate,1
2019-08-15,23.9,14.2,19.1,9.7,24.099999999999998,0.0,21.96,Moderate,1
2019-08-16,22.1,14.2,18.2,7.900000000000002,23.53333333333333,0.0,20.520000000000003,Moderate,1
2019-08-17,21.7,17.0,19.4,4.699999999999999,22.566666666666663,0.0,20.759999999999998,Moderate,1
2019-08-18,22.2,14.4,18.3,7.799999999999999,22.0,0.0,20.64,Moderate,1
2019-08-19,23.4,13.4,18.4,9.999999999999998,22.433333333333326,0.0,21.4,Moderate,1
2019-08-20,25.1,11.8,18.5,13.3,23.566666666666663,0.0,22.44,Moderate,1
2019-08-21,19.8,15.7,17.8,4.100000000000001,22.766666666666666,0.0,18.98,Moderate,1
2019-08-22,20.6,14.7,17.7,5.900000000000002,21.833333333333332,0.0,19.42,Moderate,1
2019-08-23,19.4,14.1,16.8,5.299999999999999,19.933333333333334,0.0,18.34,Low,0
2019-08-24,21.6,12.7,17.2,8.900000000000002,20.53333333333333,0.0,19.82,Moderate,1
2019-08-25,20.5,13.7,17.1,6.800000000000001,20.5,0.0,19.14,Moderate,1
2019-08-26,21.2,10.0,15.6,11.2,21.099999999999998,0.0,18.96,Moderate,1
2019-08-27,23.8,12.0,17.9,11.8,21.833333333333332,0.0,21.440000000000005,Moderate,1
2019-08-28,23.9,12.5,18.2,11.399999999999999,22.966666666666665,0.0,21.62,Moderate,1
2019-08-29,26.0,12.9,19.5,13.1,24.566666666666663,0.0,23.380000000000003,Moderate,1
2019-08-30,22.9,16.4,19.7,6.5,24.266666666666666,0.0,21.6,Moderate,1
2019-08-31,24.9,16.1,20.5,8.799999999999997,24.599999999999998,0.0,23.14,Moderate,1
2019-09-01,23.8,15.6,19.7,8.200000000000001,23.866666666666664,0.0,22.160000000000004,Moderate,1
2019-09-02,22.7,13.5,18.1,9.2,23.799999999999997,0.0,20.86,Moderate,1
2019-09-03,24.4,14.8,19.6,9.599999999999998,23.63333333333333,0.0,22.48,Moderate,1
2019-09-04,21.9,13.7,17.8,8.2,23.0,0.0,20.259999999999998,Moderate,1
2019-09-05,22.3,11.4,16.9,10.9,22.866666666666664,0.0,20.12,Moderate,1
2019-09-06,27.6,13.6,20.6,14.000000000000002,23.933333333333334,0.0,24.8,Moderate,1
2019-09-07,20.2,14.9,17.6,5.299999999999999,23.366666666666664,0.0,19.14,Moderate,1
2019-09-08,19.1,14.1,16.6,5.000000000000002,22.3,0.0,18.1,Moderate,1
2019-09-09,19.4,14.5,17.0,4.899999999999999,19.566666666666663,0.0,18.42,Low,0
2019-09-10,20.0,14.9,17.5,5.1,19.5,0.0,18.98,Low,0
2019-09-11,20.0,12.7,16.4,7.300000000000001,19.799999999999997,0.0,18.54,Low,0
2019-09-12,19.1,14.7,16.9,4.400000000000002,19.7,0.0,18.220000000000002,Low,0
2019-09-13,19.8,13.8,16.8,6.0,19.633333333333333,0.0,18.6,Low,0
2019-09-14,16.8,13.7,15.3,3.1000000000000014,18.566666666666666,0.0,16.18,Low,0
2019-09-15,18.1,12.8,15.5,5.300000000000001,18.233333333333334,0.0,17.040000000000003,Low,0
2019-09-16,18.2,12.4,15.3,5.799999999999999,17.7,0.0,17.04,Low,0
2019-09-17,15.6,12.9,14.3,2.6999999999999993,17.3,0.0,15.06,Low,0
2019-09-18,17.7,12.0,14.9,5.699999999999999,17.166666666666664,0.0,16.560000000000002,Low,0
2019-09-19,15.8,9.2,12.5,6.600000000000001,16.366666666666664,0.0,14.48,Low,0
2019-09-20,19.0,12.7,15.9,6.300000000000001,17.5,0.0,17.740000000000002,Low,0
2019-09-21,19.6,12.6,16.1,7.000000000000002,18.13333333333333,0.0,18.200000000000003,Low,0
2019-09-22,16.2,13.8,15.0,2.3999999999999986,18.266666666666666,0.0,15.72,Low,0
2019-09-23,14.3,11.4,12.9,2.9000000000000004,16.7,0.0,13.720000000000002,Low,0
2019-09-24,17.7,12.1,14.9,5.6,16.066666666666663,0.0,16.58,Low,0
2019-09-25,16.2,10.3,13.3,5.899999999999999,16.066666666666663,0.0,15.020000000000001,Low,0
2019-09-26,17.3,12.5,14.9,4.800000000000001,17.066666666666666,0.0,16.340000000000003,Low,0
2019-09-27,15.0,6.5,10.8,8.5,16.166666666666664,0.0,13.3,Low,0
2019-09-28,18.4,6.2,12.3,12.2,16.9,0.0,15.959999999999999,Low,0
2019-09-29,16.2,8.0,12.1,8.2,16.53333333333333,0.0,14.56,Low,0
2019-09-30,14.7,3.6,9.2,11.1,16.43333333333333,0.0,12.48,Low,0
2019-10-01,14.8,4.9,9.9,9.9,15.233333333333329,0.0,12.820000000000002,Low,0
2019-10-02,15.2,7.3,11.3,7.8999999999999995,14.899999999999997,0.0,13.620000000000001,Low,0
2019-10-03,16.1,10.3,13.2,5.800000000000001,15.366666666666665,0.0,14.940000000000003,Low,0
2019-10-04,12.2,9.8,11.0,2.3999999999999986,14.499999999999998,0.0,11.72,Low,0
2019-10-05,13.9,7.4,10.7,6.5,14.066666666666665,0.0,12.600000000000001,Low,0
2019-10-06,12.9,5.3,9.1,7.6000000000000005,12.999999999999998,0.0,11.38,Low,0
2019-10-07,16.1,10.0,13.1,6.100000000000001,14.299999999999997,0.0,14.880000000000003,Low,0
2019-10-08,11.9,2.7,7.3,9.2,13.633333333333333,0.0,10.060000000000002,Low,0
2019-10-09,10.2,0.8,5.5,9.399999999999999,12.733333333333333,0.0,8.32,Low,0
2019-10-10,10.2,-0.7,4.8,10.899999999999999,10.766666666666664,0.0,8.02,Low,0
2019-10-11,12.5,1.1,6.8,11.4,10.966666666666663,0.0,10.22,Low,0
2019-10-12,13.5,4.2,8.9,9.3,12.066666666666663,0.0,11.64,Low,0
2019-10-13,13.3,6.2,9.8,7.1000000000000005,13.1,0.0,11.88,Low,0
2019-10-14,13.2,5.4,9.3,7.799999999999999,13.33333333333333,0.0,11.64,Low,0
2019-10-15,11.7,6.6,9.2,5.1,12.733333333333333,0.0,10.68,Low,0
2019-10-16,13.2,8.2,10.7,5.0,12.699999999999996,0.0,12.200000000000001,Low,0
2019-10-17,14.5,8.0,11.3,6.5,13.133333333333331,0.0,13.200000000000001,Low,0
2019-10-18,11.2,8.3,9.8,2.8999999999999986,12.966666666666663,0.0,10.62,Low,0
2019-10-19,10.6,7.9,9.3,2.6999999999999993,12.1,0.0,10.06,Low,0
2019-10-20,9.1,6.9,8.0,2.1999999999999993,10.299999999999997,0.0,8.66,Low,0
2019-10-21,10.5,7.3,8.9,3.2,10.066666666666663,0.0,9.86,Low,0
2019-10-22,13.2,8.0,10.6,5.199999999999999,10.93333333333333,0.0,12.16,Low,0
2019-10-23,11.9,2.9,7.4,9.0,11.866666666666665,0.0,10.100000000000001,Low,0
2019-10-24,13.4,7.2,10.3,6.2,12.83333333333333,0.0,12.16,Low,0
2019-10-25,12.8,8.0,10.4,4.800000000000001,12.699999999999998,0.0,11.840000000000002,Low,0
2019-10-26,11.9,2.4,7.2,9.5,12.699999999999998,0.0,10.000000000000002,Low,0
2019-10-27,10.8,-0.5,5.2,11.3,11.833333333333334,0.0,8.540000000000001,Low,0
2019-10-28,9.7,1.3,5.5,8.399999999999999,10.799999999999997,0.0,8.02,Low,0
2019-10-29,9.0,1.6,5.3,7.4,9.83333333333333,0.0,7.5200000000000005,Low,0
2019-10-30,8.9,-1.8,3.6,10.700000000000001,9.199999999999998,0.0,6.760000000000001,Low,0
2019-10-31,9.2,1.3,5.3,7.8999999999999995,9.033333333333331,0.0,7.619999999999999,Low,0
2019-11-01,10.5,-1.0,4.8,11.5,9.533333333333331,0.0,8.200000000000001,Low,0
2019-11-02,9.8,0.1,5.0,9.700000000000001,9.83333333333333,0.0,7.86,Low,0
2019-11-03,8.8,1.1,5.0,7.700000000000001,9.699999999999998,0.0,7.260000000000001,Low,0
2019-11-04,9.4,1.7,5.6,7.7,9.33333333333333,0.0,7.86,Low,0
2019-11-05,10.3,3.1,6.7,7.200000000000001,9.499999999999998,0.0,8.86,Low,0
2019-11-06,10.7,0.8,5.8,9.899999999999999,10.133333333333331,0.0,8.72,Low,0
2019-11-07,10.4,1.5,6.0,8.9,10.466666666666663,0.0,8.620000000000001,Low,0
2019-11-08,11.9,2.5,7.2,9.4,10.999999999999998,0.0,10.020000000000001,Low,0
2019-11-09,10.4,8.1,9.3,2.3000000000000007,10.899999999999999,0.0,9.940000000000001,Low,0
2019-11-10,11.2,4.0,7.6,7.199999999999999,11.166666666666664,0.0,9.76,Low,0
2019-11-11,9.6,2.4,6.0,7.199999999999999,10.399999999999997,0.0,8.16,Low,0
2019-11-12,9.4,8.0,8.7,1.4000000000000004,10.066666666666663,0.0,9.120000000000001,Low,0
2019-11-13,11.9,3.7,7.8,8.2,10.299999999999999,0.0,10.260000000000002,Low,0
2019-11-14,12.8,2.8,7.8,10.0,11.366666666666665,0.0,10.800000000000002,Low,0
2019-11-15,13.5,4.9,9.2,8.6,12.733333333333333,0.0,11.780000000000001,Low,0
2019-11-16,10.4,5.6,8.0,4.800000000000001,12.233333333333333,0.0,9.44,Low,0
2019-11-17,13.0,7.3,10.2,5.7,12.299999999999997,0.0,11.86,Low,0
2019-11-18,10.6,8.1,9.4,2.5,11.33333333333333,0.0,10.100000000000001,Low,0
2019-11-19,10.4,3.4,6.9,7.0,11.33333333333333,0.0,9.0,Low,0
2019-11-20,9.4,-0.7,4.4,10.1,10.133333333333331,0.0,7.380000000000001,Low,0
2019-11-21,8.4,-1.0,3.7,9.4,9.399999999999999,0.0,6.5200000000000005,Low,0
2019-11-22,7.7,-1.6,3.1,9.3,8.499999999999998,0.0,5.84,Low,0
2019-11-23,9.8,5.2,7.5,4.6000000000000005,8.633333333333331,0.0,8.88,Low,0
2019-11-24,11.3,3.1,7.2,8.200000000000001,9.599999999999998,0.0,9.66,Low,0
2019-11-25,7.6,2.2,4.9,5.3999999999999995,9.566666666666665,0.0,6.5200000000000005,Low,0
2019-11-26,6.8,0.7,3.8,6.1,8.566666666666665,0.0,5.58,Low,0
2019-11-27,8.1,0.2,4.2,7.8999999999999995,7.499999999999997,0.0,6.5200000000000005,Low,0
2019-11-28,6.1,-4.5,0.8,10.6,6.999999999999997,0.0,3.98,Low,0
2019-11-29,4.5,-5.2,-0.4,9.7,6.233333333333331,0.0,2.56,Low,0
2019-11-30,4.5,-5.5,-0.5,10.0,5.033333333333331,0.0,2.5,Low,0
2019-12-01,4.4,-5.0,-0.3,9.4,4.466666666666665,0.0,2.5200000000000005,Low,0
2019-12-02,4.7,2.4,3.6,2.3000000000000003,4.533333333333331,0.0,4.24,Low,0
2019-12-03,9.1,4.7,6.9,4.3999999999999995,6.0666666666666655,0.0,8.22,Low,0
2019-12-04,9.0,6.1,7.6,2.9000000000000004,7.599999999999999,0.0,8.42,Low,0
2019-12-05,7.5,0.7,4.1,6.8,8.533333333333331,0.0,6.14,Low,0
2019-12-06,9.3,4.8,7.1,4.500000000000001,8.6,0.0,8.400000000000002,Low,0
2019-12-07,9.4,7.5,8.5,1.9000000000000004,8.733333333333333,0.0,9.02,Low,0
2019-12-08,8.4,5.1,6.8,3.3000000000000007,9.033333333333331,0.0,7.74,Low,0
2019-12-09,7.3,2.2,4.8,5.1,8.366666666666665,0.0,6.28,Low,0
2019-12-10,6.1,0.0,3.1,6.1,7.266666666666665,0.0,4.88,Low,0
2019-12-11,9.1,5.8,7.5,3.3,7.499999999999997,0.0,8.44,Low,0
2019-12-12,8.6,4.4,6.5,4.199999999999999,7.933333333333331,0.0,7.76,Low,0
2019-12-13,8.6,3.3,6.0,5.3,8.766666666666666,0.0,7.54,Low,0
2019-12-14,7.3,3.8,5.6,3.5,8.166666666666664,0.0,6.6,Low,0
2019-12-15,6.4,1.0,3.7,5.4,7.433333333333331,0.0,5.320000000000001,Low,0
2019-12-16,5.7,3.0,4.4,2.7,6.466666666666665,0.0,5.16,Low,0
2019-12-17,7.8,4.5,6.2,3.3,6.633333333333332,0.0,7.140000000000001,Low,0
2019-12-18,8.7,5.9,7.3,2.799999999999999,7.399999999999999,0.0,8.14,Low,0
2019-12-19,7.3,4.4,5.9,2.8999999999999995,7.933333333333331,0.0,6.72,Low,0
2019-12-20,8.3,5.6,7.0,2.700000000000001,8.1,0.0,7.760000000000001,Low,0
2019-12-21,6.0,4.8,5.4,1.2000000000000002,7.199999999999999,0.0,5.760000000000001,Low,0
2019-12-22,7.8,1.6,4.7,6.199999999999999,7.366666666666666,0.0,6.5600000000000005,Low,0
2019-12-23,6.3,0.4,3.4,5.8999999999999995,6.699999999999998,0.0,5.12,Low,0
2019-12-24,6.1,2.2,4.2,3.8999999999999995,6.733333333333332,0.0,5.32,Low,0
2019-12-25,6.9,-0.5,3.2,7.4,6.433333333333333,0.0,5.420000000000001,Low,0
2019-12-26,5.4,-2.2,1.6,7.6000000000000005,6.133333333333333,0.0,3.8800000000000003,Low,0
2019-12-27,5.2,2.2,3.7,3.0,5.833333333333332,0.0,4.6000000000000005,Low,0
2019-12-28,6.5,4.1,5.3,2.4000000000000004,5.699999999999999,0.0,6.0200000000000005,Low,0
2019-12-29,8.6,5.5,7.1,3.0999999999999996,6.766666666666666,0.0,7.98,Low,0
2019-12-30,8.4,6.5,7.5,1.9000000000000004,7.833333333333332,0.0,8.020000000000001,Low,0
2019-12-31,9.8,7.0,8.4,2.8000000000000007,8.933333333333332,0.0,9.24,Low,0
2020-01-01,10.7,4.9,7.8,5.799999999999999,9.633333333333331,0.0,9.540000000000001,Low,0
2020-01-02,6.3,2.6,4.5,3.6999999999999997,8.933333333333332,0.0,5.5600000000000005,Low,0
2020-01-03,12.0,4.3,8.2,7.7,9.666666666666664,0.0,10.46,Low,0
2020-01-04,8.4,4.9,6.7,3.5,8.899999999999999,0.0,7.700000000000001,Low,0
2020-01-05,8.3,3.7,6.0,4.6000000000000005,9.566666666666665,0.0,7.380000000000001,Low,0
2020-01-06,5.3,3.2,4.3,2.0999999999999996,7.333333333333332,0.0,4.880000000000001,Low,0
2020-01-07,9.7,4.8,7.3,4.8999999999999995,7.766666666666666,0.0,8.719999999999999,Low,0
2020-01-08,7.0,0.7,3.9,6.3,7.333333333333331,0.0,5.74,Low,0
2020-01-09,5.2,-1.8,1.7,7.0,7.299999999999998,0.0,3.8000000000000003,Low,0
2020-01-10,4.5,0.3,2.4,4.2,5.5666666666666655,0.0,3.66,Low,0
2020-01-11,6.2,3.0,4.6,3.2,5.299999999999998,0.0,5.5600000000000005,Low,0
2020-01-12,4.4,-2.5,1.0,6.9,5.033333333333332,0.0,3.0200000000000005,Low,0
2020-01-13,-2.4,-6.2,-4.3,3.8000000000000003,2.733333333333331,0.0,-3.16,Low,0
2020-01-14,-6.2,-8.0,-7.1,1.7999999999999998,-1.4000000000000015,0.0,-6.5600000000000005,Low,0
2020-01-15,0.1,-7.5,-3.7,7.6,-2.8333333333333353,0.0,-1.42,Low,0
2020-01-16,2.4,-4.4,-1.0,6.800000000000001,-1.233333333333335,0.0,1.0399999999999998,Low,0
2020-01-17,3.2,-4.7,-0.8,7.9,1.8999999999999984,0.0,1.6200000000000006,Low,0
2020-01-18,5.9,0.8,3.4,5.1000000000000005,3.833333333333332,0.0,4.880000000000001,Low,0
2020-01-19,9.0,4.3,6.7,4.7,6.033333333333331,0.0,8.06,Low,0
2020-01-20,9.5,4.6,7.1,4.9,8.133333333333333,0.0,8.52,Low,0
2020-01-21,8.9,5.4,7.2,3.5,9.133333333333331,0.0,8.200000000000001,Low,0
2020-01-22,7.6,5.3,6.5,2.3,8.666666666666664,0.0,7.140000000000001,Low,0
2020-01-23,10.8,5.6,8.2,5.200000000000001,9.1,0.0,9.76,Low,0
2020-01-24,10.7,5.7,8.2,4.999999999999999,9.699999999999998,0.0,9.700000000000001,Low,0
2020-01-25,8.8,6.5,7.7,2.3000000000000007,10.1,0.0,8.340000000000002,Low,0
2020-01-26,11.0,6.1,8.6,4.9,10.166666666666664,0.0,10.020000000000001,Low,0
2020-01-27,9.5,4.5,7.0,5.0,9.766666666666666,0.0,8.5,Low,0
2020-01-28,9.9,4.6,7.3,5.300000000000001,10.133333333333331,0.0,8.84,Low,0
2020-01-29,10.9,5.8,8.4,5.1000000000000005,10.1,0.0,9.88,Low,0
2020-01-30,8.6,4.1,6.4,4.5,9.799999999999999,0.0,7.7,Low,0
2020-01-31,12.3,6.6,9.5,5.700000000000001,10.599999999999998,0.0,11.160000000000002,Low,0
2020-02-01,10.9,3.2,7.1,7.7,10.6,0.0,9.360000000000001,Low,0
2020-02-02,6.1,-1.3,2.4,7.3999999999999995,9.766666666666664,0.0,4.62,Low,0
2020-02-03,4.6,-0.2,2.2,4.8,7.199999999999998,0.0,3.6399999999999997,Low,0
2020-02-04,1.5,-0.5,0.5,2.0,4.066666666666665,0.0,1.1,Low,0
2020-02-05,4.8,0.6,2.7,4.2,3.6333333333333315,0.0,3.96,Low,0
2020-02-06,5.3,3.4,4.4,1.9,3.866666666666665,0.0,4.92,Low,0
2020-02-07,8.1,3.2,5.7,4.8999999999999995,6.0666666666666655,0.0,7.120000000000001,Low,0
2020-02-08,8.0,2.4,5.2,5.6,7.13333333333333,0.0,6.880000000000001,Low,0
2020-02-09,5.6,-1.7,2.0,7.3,7.233333333333332,0.0,4.14,Low,0
2020-02-10,7.2,0.2,3.7,7.0,6.933333333333331,0.0,5.800000000000001,Low,0
2020-02-11,9.8,2.0,5.9,7.800000000000001,7.533333333333331,0.0,8.24,Low,0
2020-02-12,7.7,5.0,6.4,2.7,8.23333333333333,0.0,7.16,Low,0
2020-02-13,9.1,4.5,6.8,4.6,8.866666666666665,0.0,8.18,Low,0
2020-02-14,8.3,1.8,5.1,6.500000000000001,8.366666666666665,0.0,7.000000000000001,Low,0
2020-02-15,7.1,3.0,5.1,4.1,8.166666666666664,0.0,6.279999999999999,Low,0
2020-02-16,8.4,3.0,5.7,5.4,7.933333333333331,0.0,7.32,Low,0
2020-02-17,7.3,-0.8,3.3,8.1,7.599999999999998,0.0,5.68,Low,0
2020-02-18,6.6,-2.2,2.2,8.8,7.433333333333331,0.0,4.84,Low,0
2020-02-19,6.7,-2.7,2.0,9.4,6.8666666666666645,0.0,4.82,Low,0
2020-02-20,8.2,-3.1,2.6,11.299999999999999,7.166666666666664,0.0,5.9399999999999995,Low,0
2020-02-21,11.0,-1.7,4.7,12.7,8.633333333333331,0.0,8.46,Low,0
2020-02-22,8.1,4.2,6.2,3.8999999999999995,9.099999999999996,0.0,7.32,Low,0
2020-02-23,8.8,4.1,6.5,4.700000000000001,9.299999999999999,0.0,7.860000000000001,Low,0
2020-02-24,7.7,4.1,5.9,3.6000000000000005,8.199999999999998,0.0,6.98,Low,0
2020-02-25,7.0,3.3,5.2,3.7,7.833333333333331,0.0,6.260000000000001,Low,0
2020-02-26,9.2,3.4,6.3,5.799999999999999,7.966666666666664,0.0,8.04,Low,0
2020-02-27,9.4,6.0,7.7,3.4000000000000004,8.533333333333331,0.0,8.72,Low,0
2020-02-28,7.9,4.9,6.4,3.0,8.83333333333333,0.0,7.300000000000001,Low,0
2020-02-29,8.6,4.3,6.5,4.3,8.633333333333331,0.0,7.74,Low,0
2020-03-01,7.0,-0.4,3.3,7.4,7.833333333333331,0.0,5.5200000000000005,Low,0
2020-03-02,6.0,3.5,4.8,2.5,7.199999999999998,0.0,5.500000000000001,Low,0
2020-03-03,8.4,2.2,5.3,6.2,7.13333333333333,0.0,7.160000000000001,Low,0
2020-03-04,10.2,4.1,7.2,6.1,8.199999999999998,0.0,8.98,Low,0
2020-03-05,8.4,5.1,6.8,3.3000000000000007,8.999999999999998,0.0,7.74,Low,0
2020-03-06,7.9,2.3499999999999996,5.15,5.550000000000001,8.83333333333333,0.0,6.79,Low,0
2020-03-07,7.4,-0.4,3.5,7.800000000000001,7.899999999999998,0.0,5.840000000000001,Low,0
2020-03-08,6.7,-1.1,2.8,7.800000000000001,7.333333333333331,0.0,5.140000000000001,Low,0
2020-03-09,6.6,-3.1,1.8,9.7,6.899999999999998,0.0,4.66,Low,0
2020-03-10,6.6,3.2,4.9,3.3999999999999995,6.63333333333333,0.0,5.92,Low,0
2020-03-11,9.3,4.2,6.8,5.1000000000000005,7.499999999999997,0.0,8.280000000000001,Low,0
2020-03-12,8.5,0.9,4.7,7.6,8.133333333333331,0.0,6.98,Low,0
2020-03-13,8.7,1.2,5.0,7.499999999999999,8.83333333333333,0.0,7.2,Low,0
2020-03-14,7.6499999999999995,-1.6500000000000001,3.05,9.299999999999999,8.28333333333333,0.0,5.79,Low,0
2020-03-15,6.6,-4.5,1.1,11.1,7.649999999999998,0.0,4.38,Low,0
2020-03-16,9.5,-2.8,3.4,12.3,7.916666666666664,0.0,7.040000000000001,Low,0
2020-03-17,9.3,-1.6,3.9,10.9,8.466666666666665,0.0,7.120000000000001,Low,0
2020-03-18,11.5,-1.4,5.1,12.9,10.099999999999998,0.0,8.920000000000002,Low,0
2020-03-19,11.7,1.3,6.5,10.399999999999999,10.83333333333333,0.0,9.62,Low,0
2020-03-20,11.35,0.75,6.05,10.6,11.516666666666664,0.0,9.23,Low,0
2020-03-21,11.0,0.2,5.6,10.8,11.349999999999996,0.0,8.84,Low,0
2020-03-22,10.7,2.6,6.7,8.1,11.016666666666664,0.0,9.08,Low,0
2020-03-23,10.1,4.3,7.2,5.8,10.599999999999996,0.0,8.94,Low,0
2020-03-24,8.4,2.5,5.5,5.9,9.733333333333329,0.0,7.220000000000001,Low,0
2020-03-25,9.4,2.4,5.9,7.0,9.299999999999999,0.0,8.0,Low,0
2020-03-26,9.0,3.8,6.4,5.2,8.933333333333332,0.0,7.96,Low,0
2020-03-27,8.7,5.7,7.2,2.999999999999999,9.03333333333333,0.0,8.1,Low,0
2020-03-28,10.2,7.1,8.7,3.0999999999999996,9.299999999999997,0.0,9.58,Low,0
2020-03-29,13.4,7.1,10.3,6.300000000000001,10.766666666666664,0.0,12.14,Low,0
2020-03-30,9.5,4.6,7.1,4.9,11.033333333333331,0.0,8.52,Low,0
2020-03-31,10.5,1.8,6.2,8.7,11.133333333333331,0.0,8.76,Low,0
2020-04-01,8.8,1.8,5.3,7.000000000000001,9.6,0.0,7.400000000000001,Low,0
2020-04-02,9.1,2.5,5.8,6.6,9.466666666666665,0.0,7.78,Low,0
2020-04-03,8.8,3.3,6.1,5.500000000000001,8.899999999999997,0.0,7.700000000000001,Low,0
2020-04-04,9.9,2.1,6.0,7.800000000000001,9.266666666666664,0.0,8.340000000000002,Low,0
2020-04-05,10.8,2.7,6.8,8.100000000000001,9.83333333333333,0.0,9.18,Low,0
2020-04-06,11.0,0.6,5.8,10.4,10.566666666666665,0.0,8.92,Low,0
2020-04-07,11.9,2.7,7.3,9.2,11.233333333333333,0.0,10.060000000000002,Low,0
2020-04-08,12.7,1.3,7.0,11.399999999999999,11.866666666666665,0.0,10.42,Low,0
2020-04-09,13.0,2.4,7.7,10.6,12.533333333333331,0.0,10.88,Low,0
2020-04-10,14.4,4.1,9.3,10.3,13.366666666666665,0.0,12.340000000000002,Low,0
2020-04-11,14.5,5.7,10.1,8.8,13.966666666666663,0.0,12.740000000000002,Low,0
2020-04-12,14.0,0.4,7.2,13.6,14.299999999999997,0.0,11.280000000000001,Low,0
2020-04-13,14.6,0.6,7.6,14.0,14.366666666666665,0.0,11.799999999999999,Low,0
2020-04-14,14.6,4.1,9.4,10.5,14.399999999999999,0.0,12.5,Low,0
2020-04-15,15.6,4.0,9.8,11.6,14.933333333333332,0.0,13.280000000000001,Low,0
2020-04-16,17.3,2.9,10.1,14.4,15.83333333333333,0.0,14.420000000000002,Low,0
2020-04-17,15.5,6.2,10.9,9.3,16.13333333333333,0.0,13.64,Low,0
2020-04-18,16.2,9.7,13.0,6.5,16.333333333333332,0.0,14.9,Low,0
2020-04-19,16.4,9.2,12.8,7.199999999999999,16.03333333333333,0.0,14.959999999999999,Low,0
2020-04-20,15.4,6.0,10.7,9.4,15.999999999999998,0.0,13.52,Low,0
2020-04-21,13.8,7.6,10.7,6.200000000000001,15.199999999999998,0.0,12.56,Low,0
2020-04-22,11.9,7.7,9.8,4.2,13.699999999999998,0.0,11.060000000000002,Low,0
2020-04-23,15.4,6.7,11.1,8.7,13.699999999999998,0.0,13.66,Low,0
2020-04-24,13.8,7.6,10.7,6.200000000000001,13.699999999999998,0.0,12.56,Low,0
2020-04-25,16.8,10.2,13.5,6.600000000000001,15.33333333333333,0.0,15.48,Low,0
2020-04-26,14.9,5.1,10.0,9.8,15.166666666666664,0.0,12.940000000000001,Low,0
2020-04-27,15.7,8.7,12.2,7.0,15.799999999999997,0.0,14.3,Low,0
2020-04-28,14.2,6.1,10.2,8.1,14.93333333333333,0.0,12.58,Low,0
2020-04-29,14.9,5.3,10.1,9.600000000000001,14.933333333333332,0.0,12.980000000000002,Low,0
2020-04-30,16.1,8.4,12.3,7.700000000000001,15.066666666666663,0.0,14.560000000000002,Low,0
2020-05-01,15.3,9.2,12.3,6.100000000000001,15.433333333333332,0.0,14.080000000000002,Low,0
2020-05-02,14.9,9.2,12.1,5.700000000000001,15.433333333333332,0.0,13.760000000000002,Low,0
2020-05-03,13.8,6.6,10.2,7.200000000000001,14.666666666666664,0.0,12.360000000000001,Low,0
2020-05-04,15.2,4.0,9.6,11.2,14.633333333333331,0.0,12.96,Low,0
2020-05-05,15.5,7.3,11.4,8.2,14.83333333333333,0.0,13.86,Low,0
2020-05-06,17.0,9.2,13.1,7.800000000000001,15.899999999999997,0.0,15.440000000000001,Low,0
2020-05-07,15.4,4.9,10.2,10.5,15.966666666666663,0.0,13.3,Low,0
2020-05-08,20.7,5.7,13.2,15.0,17.7,0.0,17.7,Low,0
2020-05-09,22.0,7.6,14.8,14.4,19.366666666666664,0.0,19.12,Moderate,1
2020-05-10,22.7,9.7,16.2,13.0,21.799999999999997,0.0,20.1,Moderate,1
2020-05-11,22.5,11.1,16.8,11.4,22.399999999999995,0.0,20.22,Moderate,1
2020-05-12,18.9,11.2,15.1,7.699999999999999,21.366666666666664,0.0,17.36,Moderate,1
2020-05-13,17.5,11.3,14.4,6.199999999999999,19.63333333333333,0.0,16.26,Low,0
2020-05-14,16.8,10.7,13.8,6.100000000000001,17.73333333333333,0.0,15.580000000000002,Low,0
2020-05-15,19.0,8.2,13.6,10.8,17.766666666666666,0.0,16.84,Low,0
2020-05-16,16.4,11.3,13.9,5.099999999999998,17.4,0.0,15.379999999999999,Low,0
2020-05-17,17.5,10.5,14.0,7.0,17.63333333333333,0.0,16.1,Low,0
2020-05-18,17.5,8.6,13.1,8.9,17.13333333333333,0.0,15.72,Low,0
2020-05-19,18.3,9.9,14.1,8.4,17.766666666666666,0.0,16.62,Low,0
2020-05-20,16.9,9.9,13.4,6.999999999999998,17.566666666666663,0.0,15.5,Low,0
2020-05-21,15.3,10.8,13.1,4.5,16.833333333333332,0.0,14.400000000000002,Low,0
2020-05-22,16.8,11.0,13.9,5.800000000000001,16.33333333333333,0.0,15.64,Low,0
2020-05-23,17.6,10.0,13.8,7.600000000000001,16.566666666666666,0.0,16.080000000000002,Low,0
2020-05-24,17.4,11.3,14.4,6.099999999999998,17.266666666666666,0.0,16.18,Low,0
2020-05-25,17.4,12.6,15.0,4.799999999999999,17.466666666666665,0.0,16.44,Low,0
2020-05-26,17.1,12.0,14.6,5.100000000000001,17.299999999999997,0.0,16.080000000000002,Low,0
2020-05-27,19.9,7.3,13.6,12.599999999999998,18.13333333333333,0.0,17.38,Low,0
2020-05-28,22.6,11.5,17.1,11.100000000000001,19.866666666666664,0.0,20.380000000000003,Moderate,1
2020-05-29,20.8,11.5,16.2,9.3,21.099999999999998,0.0,18.94,Moderate,1
2020-05-30,16.2,11.1,13.7,5.1,19.866666666666664,0.0,15.180000000000001,Low,0
2020-05-31,17.2,10.3,13.8,6.899999999999999,18.066666666666666,0.0,15.82,Low,0
2020-06-01,18.4,7.3,12.9,11.099999999999998,17.266666666666662,0.0,16.18,Low,0
2020-06-02,15.2,10.6,12.9,4.6,16.933333333333334,0.0,14.280000000000001,Low,0
2020-06-03,16.5,9.8,13.2,6.699999999999999,16.7,0.0,15.160000000000002,Low,0
2020-06-04,19.4,10.8,15.1,8.599999999999998,17.03333333333333,0.0,17.68,Low,0
2020-06-05,17.9,9.5,13.7,8.399999999999999,17.933333333333326,0.0,16.22,Low,0
2020-06-06,17.2,10.7,14.0,6.5,18.16666666666666,0.0,15.9,Low,0
2020-06-07,18.0,8.8,13.4,9.2,17.7,0.0,16.16,Low,0
2020-06-08,18.3,12.9,15.6,5.4,17.83333333333333,0.0,17.22,Low,0
2020-06-09,14.3,10.6,12.5,3.700000000000001,16.866666666666664,0.0,13.560000000000002,Low,0
2020-06-10,20.2,12.6,16.4,7.6,17.599999999999998,0.0,18.68,Low,0
2020-06-11,20.2,13.8,17.0,6.399999999999999,18.23333333333333,0.0,18.92,Low,0
2020-06-12,17.0,12.3,14.7,4.699999999999999,19.13333333333333,0.0,16.060000000000002,Low,0
2020-06-13,15.9,10.8,13.4,5.1,17.699999999999996,0.0,14.88,Low,0
2020-06-14,18.1,11.0,14.6,7.100000000000001,16.999999999999996,0.0,16.680000000000003,Low,0
2020-06-15,14.0,11.3,12.7,2.6999999999999993,15.999999999999998,0.0,13.46,Low,0
2020-06-16,18.6,9.8,14.2,8.8,16.9,0.0,16.840000000000003,Low,0
2020-06-17,20.9,10.2,15.6,10.7,17.833333333333332,0.0,18.759999999999998,Low,0
2020-06-18,19.7,10.8,15.3,8.899999999999999,19.73333333333333,0.0,17.92,Low,0
2020-06-19,24.1,13.7,18.9,10.400000000000002,21.566666666666663,0.0,22.020000000000003,Moderate,1
2020-06-20,20.6,15.5,18.1,5.100000000000001,21.466666666666665,0.0,19.580000000000002,Moderate,1
2020-06-21,21.4,13.9,17.7,7.499999999999998,22.03333333333333,0.0,19.900000000000002,Moderate,1
2020-06-22,22.5,11.6,17.1,10.9,21.5,0.0,20.32,Moderate,1
2020-06-23,21.1,14.8,18.0,6.300000000000001,21.66666666666666,0.0,19.840000000000003,Moderate,1
2020-06-24,20.9,15.4,18.2,5.499999999999998,21.5,0.0,19.799999999999997,Moderate,1
2020-06-25,21.1,13.9,17.5,7.200000000000001,21.03333333333333,0.0,19.660000000000004,Moderate,1
2020-06-26,20.8,14.2,17.5,6.600000000000001,20.93333333333333,0.0,19.48,Moderate,1
2020-06-27,19.1,13.3,16.2,5.800000000000001,20.333333333333332,0.0,17.94,Moderate,1
2020-06-28,21.3,10.9,16.1,10.4,20.399999999999995,0.0,19.220000000000002,Moderate,1
2020-06-29,21.9,12.8,17.4,9.099999999999998,20.766666666666666,0.0,20.08,Moderate,1
2020-06-30,19.8,13.5,16.7,6.300000000000001,20.999999999999996,0.0,18.540000000000003,Moderate,1
2020-07-01,14.8,13.0,13.9,1.8000000000000007,18.83333333333333,0.0,14.440000000000001,Low,0
2020-07-02,18.3,12.8,15.6,5.5,17.633333333333333,0.0,17.200000000000003,Low,0
2020-07-03,14.6,12.3,13.5,2.299999999999999,15.899999999999999,0.0,14.14,Low,0
2020-07-04,18.9,12.3,15.6,6.599999999999998,17.266666666666662,0.0,17.58,Low,0
2020-07-05,20.2,10.2,15.2,10.0,17.899999999999995,0.0,18.2,Low,0
2020-07-06,20.9,12.2,16.6,8.7,19.999999999999996,0.0,19.16,Low,0
2020-07-07,18.7,13.5,16.1,5.199999999999999,19.93333333333333,0.0,17.66,Low,0
2020-07-08,20.9,13.4,17.2,7.499999999999998,20.166666666666664,0.0,19.4,Moderate,1
2020-07-09,20.4,13.7,17.1,6.699999999999999,19.999999999999996,0.0,19.060000000000002,Low,0
2020-07-10,21.4,11.4,16.4,9.999999999999998,20.899999999999995,0.0,19.400000000000002,Moderate,1
2020-07-11,17.5,13.3,15.4,4.199999999999999,19.766666666666662,0.0,16.66,Low,0
2020-07-12,20.1,11.3,15.7,8.8,19.666666666666664,0.0,18.340000000000003,Low,0
2020-07-13,19.2,11.3,15.3,7.899999999999999,18.933333333333334,0.0,17.62,Low,0
2020-07-14,21.3,11.0,16.2,10.3,20.2,0.0,19.240000000000002,Moderate,1
2020-07-15,24.3,13.8,19.1,10.5,21.599999999999998,0.0,22.200000000000003,Moderate,1
2020-07-16,24.4,15.0,19.7,9.399999999999999,23.33333333333333,0.0,22.52,Moderate,1
2020-07-17,21.0,15.7,18.4,5.300000000000001,23.23333333333333,0.0,19.94,Moderate,1
2020-07-18,22.7,11.4,17.1,11.299999999999999,22.7,0.0,20.44,Moderate,1
2020-07-19,22.7,14.5,18.6,8.2,22.13333333333333,0.0,21.060000000000002,Moderate,1
2020-07-20,23.8,17.2,20.5,6.600000000000001,23.066666666666663,0.0,22.480000000000004,Moderate,1
2020-07-21,27.5,15.7,21.6,11.8,24.666666666666668,0.0,25.14,Moderate,1
2020-07-22,24.3,15.6,20.0,8.700000000000001,25.2,0.0,22.560000000000002,Moderate,1
2020-07-23,21.6,14.8,18.2,6.800000000000001,24.466666666666665,0.0,20.240000000000002,Moderate,1
2020-07-24,20.3,14.4,17.4,5.9,22.066666666666663,0.0,19.12,Moderate,1
2020-07-25,21.5,11.1,16.3,10.4,21.133333333333333,0.0,19.419999999999998,Moderate,1
2020-07-26,24.2,11.6,17.9,12.6,22.0,0.0,21.68,Moderate,1
2020-07-27,26.4,14.2,20.3,12.2,24.03333333333333,0.0,23.96,Moderate,1
2020-07-28,23.2,15.2,19.2,8.0,24.599999999999994,0.0,21.599999999999998,Moderate,1
2020-07-29,24.7,11.7,18.2,13.0,24.766666666666662,0.0,22.1,Moderate,1
2020-07-30,25.8,13.3,19.6,12.5,24.566666666666663,0.0,23.3,Moderate,1
2020-07-31,25.4,16.9,21.2,8.5,25.299999999999997,0.0,23.7,Moderate,1
2020-08-01,24.3,14.1,19.2,10.200000000000001,25.16666666666666,0.0,22.26,Moderate,1
2020-08-02,25.4,14.5,20.0,10.899999999999999,25.03333333333333,0.0,23.22,Moderate,1
2020-08-03,25.7,15.1,20.4,10.6,25.13333333333333,0.0,23.580000000000002,Moderate,1
2020-08-04,24.3,15.7,20.0,8.600000000000001,25.13333333333333,0.0,22.580000000000002,Moderate,1
2020-08-05,26.5,14.9,20.7,11.6,25.499999999999996,0.0,24.180000000000003,Moderate,1
2020-08-06,20.6,15.1,17.9,5.500000000000002,23.799999999999997,0.0,19.5,Moderate,1
2020-08-07,19.5,14.0,16.8,5.5,22.2,0.0,18.400000000000002,Moderate,1
2020-08-08,20.7,14.7,17.7,6.0,20.266666666666666,0.0,19.5,Moderate,1
2020-08-09,21.0,10.9,16.0,10.1,20.399999999999995,0.0,18.98,Moderate,1
2020-08-10,21.7,13.0,17.4,8.7,21.13333333333333,0.0,19.96,Moderate,1
2020-08-11,19.0,13.9,16.5,5.1,20.566666666666663,0.0,17.98,Moderate,1
2020-08-12,19.9,13.6,16.8,6.299999999999999,20.2,0.0,18.64,Moderate,1
2020-08-13,20.0,10.7,15.4,9.3,19.63333333333333,0.0,18.14,Low,0
2020-08-14,22.2,12.0,17.1,10.2,20.699999999999996,0.0,20.160000000000004,Moderate,1
2020-08-15,23.9,13.0,18.5,10.899999999999999,22.03333333333333,0.0,21.720000000000002,Moderate,1
2020-08-16,28.3,14.8,21.6,13.5,24.799999999999997,0.0,25.6,Moderate,1
2020-08-17,29.3,18.1,23.7,11.2,27.166666666666668,0.0,27.060000000000002,High,2
2020-08-18,25.8,16.0,20.9,9.8,27.799999999999997,0.0,23.84,Moderate,1
2020-08-19,24.7,14.5,19.6,10.2,26.599999999999998,0.0,22.660000000000004,Moderate,1
2020-08-20,22.3,15.7,19.0,6.600000000000001,24.266666666666666,0.0,20.98,Moderate,1
2020-08-21,21.5,16.6,19.1,4.899999999999999,22.833333333333332,0.0,20.52,Moderate,1
2020-08-22,20.3,11.7,16.0,8.600000000000001,21.366666666666664,0.0,18.580000000000002,Moderate,1
2020-08-23,20.1,13.0,16.6,7.100000000000001,20.633333333333333,0.0,18.680000000000003,Moderate,1
2020-08-24,19.6,14.3,17.0,5.300000000000001,19.999999999999996,0.0,18.540000000000003,Low,0
2020-08-25,19.8,11.0,15.4,8.8,19.833333333333332,0.0,18.040000000000003,Low,0
2020-08-26,20.2,11.3,15.8,8.899999999999999,19.866666666666664,0.0,18.42,Low,0
2020-08-27,20.3,11.4,15.9,8.9,20.099999999999998,0.0,18.520000000000003,Moderate,1
2020-08-28,21.9,12.5,17.2,9.399999999999999,20.799999999999997,0.0,20.02,Moderate,1
2020-08-29,19.1,13.9,16.5,5.200000000000001,20.433333333333334,0.0,18.060000000000002,Moderate,1
2020-08-30,19.7,9.4,14.6,10.299999999999999,20.23333333333333,0.0,17.64,Moderate,1
2020-08-31,19.3,13.0,16.2,6.300000000000001,19.366666666666664,0.0,18.040000000000003,Low,0
2020-09-01,21.5,14.6,18.1,6.9,20.16666666666666,0.0,20.119999999999997,Moderate,1
2020-09-02,22.1,13.6,17.9,8.500000000000002,20.966666666666665,0.0,20.400000000000002,Moderate,1
2020-09-03,21.6,11.7,16.7,9.900000000000002,21.733333333333334,0.0,19.62,Moderate,1
2020-09-04,23.2,12.6,17.9,10.6,22.3,0.0,21.08,Moderate,1
2020-09-05,21.4,14.5,18.0,6.899999999999999,22.066666666666663,0.0,20.020000000000003,Moderate,1
2020-09-06,20.9,13.6,17.3,7.299999999999999,21.833333333333332,0.0,19.439999999999998,Moderate,1
2020-09-07,23.8,13.8,18.8,10.0,22.03333333333333,0.0,21.800000000000004,Moderate,1
2020-09-08,23.1,9.9,16.5,13.200000000000001,22.599999999999998,0.0,20.46,Moderate,1
2020-09-09,22.7,11.0,16.9,11.7,23.2,0.0,20.36,Moderate,1
2020-09-10,24.5,12.0,18.3,12.5,23.433333333333334,0.0,22.0,Moderate,1
2020-09-11,24.1,14.3,19.2,9.8,23.766666666666662,0.0,22.14,Moderate,1
2020-09-12,17.6,12.7,15.2,4.900000000000002,22.066666666666663,0.0,16.62,Moderate,1
2020-09-13,16.7,11.1,13.9,5.6,19.466666666666665,0.0,15.58,Low,0
2020-09-14,17.5,11.0,14.3,6.5,17.266666666666666,0.0,16.2,Low,0
2020-09-15,21.9,15.4,18.7,6.499999999999998,18.7,0.0,20.6,Low,0
2020-09-16,19.9,14.4,17.2,5.499999999999998,19.766666666666662,0.0,18.8,Low,0
2020-09-17,19.8,15.3,17.6,4.5,20.533333333333328,0.0,18.900000000000002,Moderate,1
2020-09-18,18.6,14.5,16.6,4.100000000000001,19.43333333333333,0.0,17.78,Low,0
2020-09-19,18.1,13.8,16.0,4.300000000000001,18.833333333333332,0.0,17.240000000000002,Low,0
2020-09-20,21.1,12.2,16.7,8.900000000000002,19.266666666666666,0.0,19.320000000000004,Low,0
2020-09-21,21.2,11.3,16.3,9.899999999999999,20.13333333333333,0.0,19.220000000000002,Moderate,1
2020-09-22,20.6,12.3,16.5,8.3,20.966666666666665,0.0,18.94,Moderate,1
2020-09-23,18.0,13.8,15.9,4.199999999999999,19.933333333333334,0.0,17.16,Low,0
2020-09-24,18.6,13.1,15.9,5.500000000000002,19.066666666666663,0.0,17.500000000000004,Low,0
2020-09-25,18.7,13.2,16.0,5.5,18.433333333333334,0.0,17.6,Low,0
2020-09-26,15.3,10.0,12.7,5.300000000000001,17.53333333333333,0.0,14.240000000000002,Low,0
2020-09-27,16.8,9.2,13.0,7.600000000000001,16.93333333333333,0.0,15.280000000000001,Low,0
2020-09-28,17.1,9.6,13.4,7.500000000000002,16.4,0.0,15.600000000000001,Low,0
2020-09-29,18.8,8.6,13.7,10.200000000000001,17.566666666666663,0.0,16.76,Low,0
2020-09-30,20.4,10.6,15.5,9.799999999999999,18.766666666666666,0.0,18.44,Low,0
2020-10-01,18.6,11.1,14.9,7.500000000000002,19.266666666666666,0.0,17.1,Low,0
2020-10-02,19.6,8.8,14.2,10.8,19.53333333333333,0.0,17.44,Low,0
2020-10-03,18.5,9.7,14.1,8.8,18.899999999999995,0.0,16.740000000000002,Low,0
2020-10-04,15.4,12.6,14.0,2.8000000000000007,17.833333333333332,0.0,14.84,Low,0
2020-10-05,17.5,8.9,13.2,8.6,17.13333333333333,0.0,15.780000000000001,Low,0
2020-10-06,15.9,9.8,12.9,6.1,16.266666666666662,0.0,14.680000000000001,Low,0
2020-10-07,15.7,8.9,12.3,6.799999999999999,16.366666666666664,0.0,14.34,Low,0
2020-10-08,18.2,13.0,15.6,5.199999999999999,16.599999999999998,0.0,17.16,Low,0
2020-10-09,14.8,13.4,14.1,1.4000000000000004,16.23333333333333,0.0,14.520000000000001,Low,0
2020-10-10,15.6,11.5,13.6,4.1,16.199999999999996,0.0,14.780000000000001,Low,0
2020-10-11,12.2,6.6,9.4,5.6,14.199999999999998,0.0,11.08,Low,0
2020-10-12,13.6,8.9,11.3,4.699999999999999,13.799999999999997,0.0,12.66,Low,0
2020-10-13,16.3,7.7,12.0,8.600000000000001,14.033333333333331,0.0,14.580000000000002,Low,0
2020-10-14,13.9,7.1,10.5,6.800000000000001,14.6,0.0,12.540000000000001,Low,0
2020-10-15,12.3,4.8,8.6,7.500000000000001,14.166666666666664,0.0,10.8,Low,0
2020-10-16,14.2,9.4,11.8,4.799999999999999,13.466666666666663,0.0,13.24,Low,0
2020-10-17,12.9,10.1,11.5,2.8000000000000007,13.133333333333331,0.0,12.34,Low,0
2020-10-18,11.9,8.4,10.2,3.5,12.999999999999998,0.0,11.200000000000001,Low,0
2020-10-19,12.8,10.2,11.5,2.6000000000000014,12.533333333333331,0.0,12.280000000000001,Low,0
2020-10-20,12.8,7.0,9.9,5.800000000000001,12.499999999999998,0.0,11.640000000000002,Low,0
2020-10-21,11.9,6.6,9.3,5.300000000000001,12.5,0.0,10.840000000000002,Low,0
2020-10-22,10.3,4.5,7.4,5.800000000000001,11.666666666666664,0.0,9.14,Low,0
2020-10-23,7.4,3.8,5.6,3.6000000000000005,9.866666666666665,0.0,6.680000000000001,Low,0
2020-10-24,9.8,0.6,5.2,9.200000000000001,9.166666666666664,0.0,7.960000000000001,Low,0
2020-10-25,6.3,-4.6,0.9,10.899999999999999,7.833333333333331,0.0,4.12,Low,0
2020-10-26,6.4,2.7,4.6,3.7,7.499999999999999,0.0,5.660000000000001,Low,0
2020-10-27,10.2,5.2,7.7,4.999999999999999,7.63333333333333,0.0,9.2,Low,0
2020-10-28,13.4,10.2,11.8,3.200000000000001,9.999999999999998,0.0,12.760000000000002,Low,0
2020-10-29,13.2,10.5,11.9,2.6999999999999993,12.266666666666666,0.0,12.66,Low,0
2020-10-30,12.8,7.2,10.0,5.6000000000000005,13.133333333333331,0.0,11.680000000000001,Low,0
2020-10-31,9.9,1.2,5.6,8.700000000000001,11.966666666666667,0.0,8.16,Low,0
2020-11-01,10.9,1.8,6.4,9.1,11.199999999999998,0.0,9.08,Low,0
2020-11-02,14.5,1.1,7.8,13.4,11.766666666666666,0.0,11.820000000000002,Low,0
2020-11-03,11.5,8.7,10.1,2.8000000000000007,12.299999999999997,0.0,10.940000000000001,Low,0
2020-11-04,15.5,11.4,13.5,4.1,13.833333333333334,0.0,14.68,Low,0
2020-11-05,15.3,4.8,10.1,10.5,14.1,0.0,13.200000000000003,Low,0
2020-11-06,9.0,4.3,6.7,4.7,13.266666666666666,0.0,8.06,Low,0
2020-11-07,8.7,4.1,6.4,4.6,11.0,0.0,7.78,Low,0
2020-11-08,8.3,-2.4,3.0,10.700000000000001,8.666666666666664,0.0,6.16,Low,0
2020-11-09,4.4,-1.7,1.4,6.1000000000000005,7.13333333333333,0.0,3.1800000000000006,Low,0
2020-11-10,5.8,1.2,3.5,4.6,6.166666666666665,0.0,4.88,Low,0
2020-11-11,4.9,-0.6,2.2,5.5,5.033333333333331,0.0,3.8000000000000003,Low,0
2020-11-12,6.0,3.2,4.6,2.8,5.5666666666666655,0.0,5.440000000000001,Low,0
2020-11-13,8.4,4.4,6.4,4.0,6.433333333333331,0.0,7.6000000000000005,Low,0
2020-11-14,8.1,2.3,5.2,5.8,7.499999999999997,0.0,6.94,Low,0
2020-11-15,11.6,4.7,8.2,6.8999999999999995,9.366666666666665,0.0,10.219999999999999,Low,0
2020-11-16,7.7,6.1,6.9,1.6000000000000005,9.133333333333331,0.0,7.38,Low,0
2020-11-17,14.5,4.8,9.7,9.7,11.266666666666664,0.0,12.560000000000002,Low,0
2020-11-18,9.1,6.2,7.7,2.8999999999999995,10.43333333333333,0.0,8.52,Low,0
2020-11-19,9.0,3.7,6.4,5.3,10.866666666666665,0.0,7.94,Low,0
2020-11-20,9.5,6.4,8.0,3.0999999999999996,9.199999999999998,0.0,8.88,Low,0
2020-11-21,9.1,1.9,5.5,7.199999999999999,9.199999999999998,0.0,7.66,Low,0
2020-11-22,7.5,1.5,4.5,6.0,8.699999999999998,0.0,6.3,Low,0
2020-11-23,7.1,5.4,6.3,1.6999999999999993,7.899999999999999,0.0,6.76,Low,0
2020-11-24,8.6,5.0,6.8,3.5999999999999996,7.733333333333331,0.0,7.88,Low,0
2020-11-25,8.1,4.3,6.2,3.8,7.93333333333333,0.0,7.340000000000001,Low,0
2020-11-26,8.2,4.0,6.1,4.199999999999999,8.299999999999997,0.0,7.359999999999999,Low,0
2020-11-27,10.1,7.2,8.7,2.8999999999999995,8.799999999999997,0.0,9.52,Low,0
2020-11-28,8.5,2.3,5.4,6.2,8.93333333333333,0.0,7.260000000000001,Low,0
2020-11-29,7.8,-0.5,3.7,8.3,8.799999999999999,0.0,6.140000000000001,Low,0
2020-11-30,9.1,5.8,7.5,3.3,8.466666666666663,0.0,8.44,Low,0
2020-12-01,7.5,0.3,3.9,7.2,8.133333333333331,0.0,6.06,Low,0
2020-12-02,7.3,-1.2,3.1,8.5,7.966666666666664,0.0,5.6,Low,0
2020-12-03,8.1,-1.4,3.4,9.5,7.63333333333333,0.0,6.2,Low,0
2020-12-04,10.0,0.1,5.1,9.9,8.466666666666663,0.0,8.02,Low,0
2020-12-05,12.3,-1.6,5.4,13.9,10.133333333333331,0.0,9.520000000000001,Low,0
2020-12-06,10.6,2.7,6.7,7.8999999999999995,10.966666666666663,0.0,9.02,Low,0
2020-12-07,10.0,8.6,9.3,1.4000000000000004,10.966666666666663,0.0,9.72,Low,0
2020-12-08,10.4,6.4,8.4,4.0,10.33333333333333,0.0,9.600000000000001,Low,0
2020-12-09,9.8,4.2,7.0,5.6000000000000005,10.066666666666665,0.0,8.680000000000001,Low,0
2020-12-10,6.9,3.4,5.2,3.5000000000000004,9.033333333333331,0.0,6.2,Low,0
2020-12-11,6.3,1.7,4.0,4.6,7.666666666666664,0.0,5.38,Low,0
2020-12-12,5.8,-2.2,1.8,8.0,6.333333333333331,0.0,4.199999999999999,Low,0
2020-12-13,5.1,1.2,3.2,3.8999999999999995,5.733333333333331,0.0,4.32,Low,0
2020-12-14,7.8,4.7,6.3,3.0999999999999996,6.233333333333331,0.0,7.180000000000001,Low,0
2020-12-15,9.3,5.7,7.5,3.6000000000000005,7.399999999999999,0.0,8.580000000000002,Low,0
2020-12-16,9.2,7.0,8.1,2.1999999999999993,8.766666666666664,0.0,8.76,Low,0
2020-12-17,8.9,5.6,7.3,3.3000000000000007,9.133333333333331,0.0,8.24,Low,0
2020-12-18,9.0,6.0,7.5,3.0,9.033333333333331,0.0,8.4,Low,0
2020-12-19,8.4,4.3,6.4,4.1000000000000005,8.766666666666666,0.0,7.580000000000001,Low,0
2020-12-20,9.9,4.6,7.3,5.300000000000001,9.1,0.0,8.84,Low,0
2020-12-21,6.3,2.2,4.3,4.1,8.2,0.0,5.48,Low,0
2020-12-22,5.8,-1.6,2.1,7.4,7.333333333333331,0.0,4.319999999999999,Low,0
2020-12-23,5.9,-2.3,1.8,8.2,5.999999999999997,0.0,4.260000000000001,Low,0
2020-12-24,3.8,-3.7,0.1,7.5,5.166666666666664,0.0,2.3,Low,0
2020-12-25,7.6,-0.2,3.7,7.8,5.766666666666665,0.0,6.04,Low,0
2020-12-26,8.2,4.8,6.5,3.3999999999999995,6.533333333333331,0.0,7.52,Low,0
2020-12-27,6.6,3.8,5.2,2.8,7.466666666666664,0.0,6.04,Low,0
2020-12-28,6.7,3.9,5.3,2.8000000000000003,7.166666666666664,0.0,6.140000000000001,Low,0
2020-12-29,5.6,2.4,4.0,3.1999999999999997,6.299999999999998,0.0,4.959999999999999,Low,0
2020-12-30,6.1,3.4,4.8,2.6999999999999997,6.133333333333332,0.0,5.56,Low,0
2020-12-31,7.6,5.4,6.5,2.1999999999999993,6.433333333333331,0.0,7.16,Low,0
2021-01-01,10.1,6.9,8.5,3.1999999999999993,7.933333333333331,0.0,9.46,Low,0
2021-01-02,8.8,6.9,7.9,1.9000000000000004,8.833333333333332,0.0,8.420000000000002,Low,0
2021-01-03,9.3,2.3,5.8,7.000000000000001,9.399999999999999,0.0,7.900000000000001,Low,0
2021-01-04,7.7,3.8,5.8,3.9000000000000004,8.6,0.0,6.92,Low,0
2021-01-05,7.6,2.8,5.2,4.8,8.2,0.0,6.64,Low,0
2021-01-06,9.9,3.5,6.7,6.4,8.399999999999999,0.0,8.620000000000001,Low,0
2021-01-07,9.1,2.1,5.6,7.0,8.866666666666665,0.0,7.7,Low,0
2021-01-08,7.6,1.0,4.3,6.6,8.866666666666665,0.0,6.28,Low,0
2021-01-09,7.2,-0.8,3.2,8.0,7.966666666666665,0.0,5.6000000000000005,Low,0
2021-01-10,8.4,5.3,6.9,3.1000000000000005,7.733333333333332,0.0,7.780000000000001,Low,0
2021-01-11,10.1,7.8,9.0,2.3,8.566666666666665,0.0,9.64,Low,0
2021-01-12,11.9,7.5,9.7,4.4,10.133333333333333,0.0,11.020000000000001,Low,0
2021-01-13,12.0,3.5,7.8,8.5,11.333333333333334,0.0,10.3,Low,0
2021-01-14,8.6,1.3,5.0,7.3,10.83333333333333,0.0,7.14,Low,0
2021-01-15,10.6,4.4,7.5,6.199999999999999,10.399999999999999,0.0,9.360000000000001,Low,0
2021-01-16,7.3,3.5,5.4,3.8,8.833333333333332,0.0,6.54,Low,0
2021-01-17,8.1,3.5,5.8,4.6,8.666666666666666,0.0,7.180000000000001,Low,0
2021-01-18,7.6,0.4,4.0,7.199999999999999,7.666666666666664,0.0,6.16,Low,0
2021-01-19,6.8,0.9,3.9,5.8999999999999995,7.499999999999997,0.0,5.62,Low,0
2021-01-20,7.3,2.9,5.1,4.4,7.233333333333332,0.0,6.42,Low,0
2021-01-21,7.6,0.1,3.9,7.5,7.233333333333332,0.0,6.1,Low,0
2021-01-22,5.5,-2.6,1.5,8.1,6.799999999999998,0.0,3.8800000000000003,Low,0
2021-01-23,4.5,-4.5,0.0,9.0,5.8666666666666645,0.0,2.7,Low,0
2021-01-24,3.1,1.5,2.3,1.6,4.366666666666665,0.0,2.7800000000000002,Low,0
2021-01-25,5.1,1.2,3.2,3.8999999999999995,4.233333333333332,0.0,4.32,Low,0
2021-01-26,7.4,1.4,4.4,6.0,5.199999999999998,0.0,6.200000000000001,Low,0
2021-01-27,5.2,1.2,3.2,4.0,5.899999999999999,0.0,4.4,Low,0
2021-01-28,6.5,2.6,4.6,3.9,6.366666666666666,0.0,5.720000000000001,Low,0
2021-01-29,7.0,2.5,4.8,4.5,6.233333333333332,0.0,6.1000000000000005,Low,0
2021-01-30,7.1,4.5,5.8,2.5999999999999996,6.866666666666666,0.0,6.58,Low,0
2021-01-31,7.5,5.5,6.5,2.0,7.199999999999999,0.0,7.1,Low,0
2021-02-01,7.6,4.8,6.2,2.8,7.399999999999999,0.0,7.04,Low,0
2021-02-02,6.8,4.0,5.4,2.8,7.299999999999998,0.0,6.24,Low,0
2021-02-03,7.0,2.1,4.6,4.9,7.133333333333332,0.0,6.0200000000000005,Low,0
2021-02-04,6.6,3.2,4.9,3.3999999999999995,6.8,0.0,5.92,Low,0
2021-02-05,8.4,4.3,6.4,4.1000000000000005,7.333333333333332,0.0,7.580000000000001,Low,0
2021-02-06,8.4,5.2,6.8,3.2,7.8,0.0,7.760000000000001,Low,0
2021-02-07,7.6,3.4,5.5,4.199999999999999,8.133333333333331,0.0,6.76,Low,0
2021-02-08,4.4,-3.0,0.7,7.4,6.8,0.0,2.9200000000000004,Low,0
2021-02-09,2.0,-3.5,-0.8,5.5,4.666666666666665,0.0,0.9,Low,0
2021-02-10,0.2,-3.4,-1.6,3.6,2.199999999999999,0.0,-0.52,Low,0
2021-02-11,0.8,-4.4,-1.8,5.2,0.9999999999999988,0.0,-0.24,Low,0
2021-02-12,-0.2,-6.8,-3.5,6.6,0.2666666666666655,0.0,-1.52,Low,0
2021-02-13,0.0,-3.5,-1.8,3.5,0.19999999999999885,0.0,-0.7000000000000001,Low,0
2021-02-14,1.1,-1.0,0.1,2.1,0.2999999999999989,0.0,0.6800000000000002,Low,0
2021-02-15,4.2,0.5,2.4,3.7,1.7666666666666657,0.0,3.4600000000000004,Low,0
2021-02-16,7.9,3.4,5.7,4.5,4.399999999999999,0.0,7.0,Low,0
2021-02-17,7.1,-0.6,3.3,7.699999999999999,6.399999999999999,0.0,5.56,Low,0
2021-02-18,6.2,1.7,4.0,4.5,7.0666666666666655,0.0,5.300000000000001,Low,0
2021-02-19,8.2,1.1,4.7,7.1,7.166666666666664,0.0,6.779999999999999,Low,0
2021-02-20,7.3,-1.5,2.9,8.8,7.233333333333332,0.0,5.54,Low,0
2021-02-21,11.0,4.8,7.9,6.2,8.833333333333332,0.0,9.760000000000002,Low,0
2021-02-22,11.7,4.5,8.1,7.199999999999999,9.999999999999998,0.0,10.26,Low,0
2021-02-23,7.8,1.1,4.5,6.699999999999999,10.166666666666666,0.0,6.46,Low,0
2021-02-24,6.3,-2.5,1.9,8.8,8.6,0.0,4.54,Low,0
2021-02-25,9.5,1.8,5.7,7.7,7.8666666666666645,0.0,7.960000000000001,Low,0
2021-02-26,8.3,3.3,5.8,5.000000000000001,8.033333333333331,0.0,7.300000000000001,Low,0
2021-02-27,7.1,-2.3,2.4,9.399999999999999,8.299999999999999,0.0,5.22,Low,0
2021-02-28,7.0,3.2,5.1,3.8,7.466666666666666,0.0,6.24,Low,0
2021-03-01,11.2,4.4,7.8,6.799999999999999,8.433333333333332,0.0,9.84,Low,0
2021-03-02,8.2,1.4,4.8,6.799999999999999,8.799999999999997,0.0,6.84,Low,0
2021-03-03,10.3,2.9,6.6,7.4,9.899999999999999,0.0,8.82,Low,0
2021-03-04,10.7,2.0,6.4,8.7,9.733333333333333,0.0,8.96,Low,0
2021-03-05,11.8,5.8,8.8,6.000000000000001,10.933333333333332,0.0,10.600000000000001,Low,0
2021-03-06,11.3,4.6,8.0,6.700000000000001,11.266666666666666,0.0,9.96,Low,0
2021-03-07,8.6,4.8,6.7,3.8,10.566666666666665,0.0,7.84,Low,0
2021-03-08,10.4,1.3,5.9,9.1,10.1,0.0,8.58,Low,0
2021-03-09,11.1,2.9,7.0,8.2,10.033333333333331,0.0,9.46,Low,0
2021-03-10,8.8,-0.1,4.4,8.9,10.1,0.0,7.020000000000001,Low,0
2021-03-11,8.0,-2.0,3.0,10.0,9.299999999999999,0.0,6.0,Low,0
2021-03-12,12.0,0.9,6.5,11.1,9.6,0.0,9.780000000000001,Low,0
2021-03-13,14.2,2.2,8.2,12.0,11.399999999999999,0.0,11.799999999999999,Low,0
2021-03-14,9.9,4.0,7.0,5.9,12.033333333333331,0.0,8.72,Low,0
2021-03-15,7.8,0.0,3.9,7.8,10.633333333333331,0.0,6.24,Low,0
2021-03-16,8.2,-0.6,3.8,8.799999999999999,8.633333333333331,0.0,6.4399999999999995,Low,0
2021-03-17,9.6,1.1,5.4,8.5,8.533333333333331,0.0,7.8999999999999995,Low,0
2021-03-18,12.9,2.5,7.7,10.4,10.233333333333333,0.0,10.82,Low,0
2021-03-19,10.9,6.3,8.6,4.6000000000000005,11.133333333333331,0.0,9.98,Low,0
2021-03-20,9.3,5.8,7.6,3.500000000000001,11.033333333333331,0.0,8.600000000000001,Low,0
2021-03-21,6.7,4.6,5.7,2.1000000000000005,8.966666666666665,0.0,6.28,Low,0
2021-03-22,9.8,4.3,7.1,5.500000000000001,8.6,0.0,8.700000000000001,Low,0
2021-03-23,9.1,1.5,5.3,7.6,8.533333333333331,0.0,7.58,Low,0
2021-03-24,8.2,3.9,6.1,4.299999999999999,9.033333333333331,0.0,7.34,Low,0
2021-03-25,10.2,4.6,7.4,5.6,9.166666666666664,0.0,9.08,Low,0
2021-03-26,10.7,2.3,6.5,8.399999999999999,9.699999999999998,0.0,9.02,Low,0
2021-03-27,9.7,3.9,6.8,5.799999999999999,10.199999999999998,0.0,8.54,Low,0
2021-03-28,10.1,3.1,6.6,7.0,10.166666666666664,0.0,8.7,Low,0
2021-03-29,9.7,0.0,4.9,9.7,9.83333333333333,0.0,7.76,Low,0
2021-03-30,9.5,-0.5,4.5,10.0,9.766666666666664,0.0,7.500000000000001,Low,0
2021-03-31,10.5,0.2,5.4,10.3,9.899999999999999,0.0,8.44,Low,0
2021-04-01,13.1,4.6,8.9,8.5,11.033333333333331,0.0,11.4,Low,0
2021-04-02,11.9,5.7,8.8,6.2,11.83333333333333,0.0,10.660000000000002,Low,0
2021-04-03,11.3,5.8,8.6,5.500000000000001,12.1,0.0,10.200000000000001,Low,0
2021-04-04,10.3,5.3,7.8,5.000000000000001,11.166666666666664,0.0,9.3,Low,0
2021-04-05,9.2,-0.1,4.6,9.299999999999999,10.266666666666666,0.0,7.34,Low,0
2021-04-06,15.0,1.6,8.3,13.4,11.499999999999998,0.0,12.32,Low,0
2021-04-07,8.5,3.9,6.2,4.6,10.899999999999999,0.0,7.580000000000001,Low,0
2021-04-08,10.6,4.2,7.4,6.3999999999999995,11.366666666666665,0.0,9.32,Low,0
2021-04-09,8.5,2.3,5.4,6.2,9.199999999999998,0.0,7.260000000000001,Low,0
2021-04-10,9.7,1.7,5.7,7.999999999999999,9.599999999999998,0.0,8.1,Low,0
2021-04-11,9.4,-1.0,4.2,10.4,9.199999999999998,0.0,7.32,Low,0
2021-04-12,11.9,-0.2,5.9,12.1,10.333333333333332,0.0,9.480000000000002,Low,0
2021-04-13,13.8,3.1,8.5,10.700000000000001,11.699999999999998,0.0,11.66,Low,0
2021-04-14,14.4,1.4,7.9,13.0,13.366666666666665,0.0,11.8,Low,0
2021-04-15,17.1,4.0,10.6,13.100000000000001,15.1,0.0,14.480000000000002,Low,0
2021-04-16,17.9,4.8,11.4,13.099999999999998,16.466666666666665,0.0,15.280000000000001,Low,0
2021-04-17,18.7,5.1,11.9,13.6,17.899999999999995,0.0,15.98,Low,0
2021-04-18,18.1,4.8,11.5,13.3,18.23333333333333,0.0,15.440000000000001,Low,0
2021-04-19,19.4,6.7,13.1,12.7,18.73333333333333,0.0,16.86,Low,0
2021-04-20,17.0,5.3,11.2,11.7,18.16666666666666,0.0,14.660000000000002,Low,0
2021-04-21,15.0,4.4,9.7,10.6,17.13333333333333,0.0,12.88,Low,0
2021-04-22,15.2,6.5,10.9,8.7,15.733333333333329,0.0,13.46,Low,0
2021-04-23,14.2,8.4,11.3,5.799999999999999,14.799999999999997,0.0,13.04,Low,0
2021-04-24,11.6,8.3,10.0,3.299999999999999,13.666666666666664,0.0,10.94,Low,0
2021-04-25,12.2,7.9,10.1,4.299999999999999,12.666666666666664,0.0,11.34,Low,0
2021-04-26,13.4,6.8,10.1,6.6000000000000005,12.399999999999997,0.0,12.08,Low,0
2021-04-27,14.5,7.7,11.1,6.8,13.366666666666665,0.0,13.14,Low,0
2021-04-28,14.2,10.2,12.2,4.0,14.033333333333331,0.0,13.399999999999999,Low,0
2021-04-29,17.9,9.4,13.7,8.499999999999998,15.533333333333331,0.0,16.2,Low,0
2021-04-30,18.2,10.2,14.2,8.0,16.766666666666662,0.0,16.6,Low,0
2021-05-01,15.0,8.7,11.9,6.300000000000001,17.03333333333333,0.0,13.74,Low,0
2021-05-02,15.0,6.6,10.8,8.4,16.066666666666663,0.0,13.32,Low,0
2021-05-03,11.4,9.1,10.3,2.3000000000000007,13.799999999999997,0.0,10.940000000000001,Low,0
2021-05-04,15.0,8.9,12.0,6.1,13.799999999999997,0.0,13.780000000000001,Low,0
2021-05-05,14.8,5.9,10.4,8.9,13.733333333333333,0.0,13.020000000000001,Low,0
2021-05-06,20.1,7.3,13.7,12.8,16.633333333333333,0.0,17.540000000000003,Low,0
2021-05-07,12.9,6.6,9.8,6.300000000000001,15.933333333333332,0.0,11.64,Low,0
2021-05-08,13.5,8.9,11.2,4.6,15.499999999999998,0.0,12.580000000000002,Low,0
2021-05-09,14.1,8.1,11.1,6.0,13.499999999999998,0.0,12.900000000000002,Low,0
2021-05-10,15.8,6.2,11.0,9.600000000000001,14.466666666666663,0.0,13.88,Low,0
2021-05-11,16.5,6.1,11.3,10.4,15.466666666666663,0.0,14.420000000000002,Low,0
2021-05-12,17.4,6.75,12.100000000000001,10.649999999999999,16.566666666666663,0.0,15.27,Low,0
2021-05-13,18.3,7.4,12.9,10.9,17.4,0.0,16.12,Low,0
2021-05-14,18.3,7.7,13.0,10.600000000000001,17.999999999999996,0.0,16.18,Low,0
2021-05-15,18.1,11.7,14.9,6.400000000000002,18.233333333333334,0.0,16.82,Low,0
2021-05-16,19.7,8.4,14.1,11.299999999999999,18.7,0.0,17.44,Low,0
2021-05-17,16.9,10.2,13.6,6.699999999999999,18.23333333333333,0.0,15.559999999999999,Low,0
2021-05-18,14.2,8.4,11.3,5.799999999999999,16.933333333333334,0.0,13.04,Low,0
2021-05-19,14.8,6.2,10.5,8.600000000000001,15.299999999999997,0.0,13.080000000000002,Low,0
2021-05-20,16.0,5.0,10.5,11.0,14.999999999999998,0.0,13.8,Low,0
2021-05-21,16.7,7.3,12.0,9.399999999999999,15.83333333333333,0.0,14.82,Low,0
2021-05-22,17.9,8.3,13.1,9.599999999999998,16.866666666666664,0.0,15.98,Low,0
2021-05-23,15.8,11.9,13.9,3.9000000000000004,16.799999999999997,0.0,15.020000000000001,Low,0
2021-05-24,13.4,10.5,12.0,2.9000000000000004,15.699999999999998,0.0,12.82,Low,0
2021-05-25,18.1,11.6,14.9,6.500000000000002,15.766666666666666,0.0,16.8,Low,0
2021-05-26,15.7,11.6,13.7,4.1,15.733333333333333,0.0,14.88,Low,0
2021-05-27,14.4,11.4,12.9,3.0,16.066666666666666,0.0,13.8,Low,0
2021-05-28,17.1,10.1,13.6,7.000000000000002,15.733333333333333,0.0,15.700000000000001,Low,0
2021-05-29,18.7,6.5,12.6,12.2,16.73333333333333,0.0,16.26,Low,0
2021-05-30,19.2,9.8,14.5,9.399999999999999,18.333333333333332,0.0,17.32,Low,0
2021-05-31,21.6,11.5,16.6,10.100000000000001,19.833333333333332,0.0,19.580000000000002,Low,0
2021-06-01,24.1,11.1,17.6,13.000000000000002,21.63333333333333,0.0,21.5,Moderate,1
2021-06-02,28.2,12.8,20.5,15.399999999999999,24.633333333333336,0.0,25.120000000000005,Moderate,1
2021-06-03,21.9,14.4,18.2,7.499999999999998,24.73333333333333,0.0,20.4,Moderate,1
2021-06-04,18.1,10.9,14.5,7.200000000000001,22.73333333333333,0.0,16.660000000000004,Moderate,1
2021-06-05,18.2,10.3,14.3,7.899999999999999,19.399999999999995,0.0,16.62,Low,0
2021-06-06,12.9,9.3,11.1,3.5999999999999996,16.400000000000002,0.0,12.18,Low,0
2021-06-07,15.6,8.3,12.0,7.299999999999999,15.566666666666665,0.0,14.14,Low,0
2021-06-08,17.5,5.9,11.7,11.6,15.333333333333334,0.0,15.18,Low,0
2021-06-09,17.9,10.8,14.4,7.099999999999998,17.0,0.0,16.48,Low,0
2021-06-10,22.2,9.2,15.7,13.0,19.2,0.0,19.6,Moderate,1
2021-06-11,17.6,10.3,14.0,7.300000000000001,19.23333333333333,0.0,16.14,Low,0
2021-06-12,21.3,11.8,16.6,9.5,20.366666666666664,0.0,19.400000000000002,Moderate,1
2021-06-13,18.4,14.0,16.2,4.399999999999999,19.099999999999998,0.0,17.52,Low,0
2021-06-14,20.1,14.2,17.2,5.900000000000002,19.933333333333334,0.0,18.92,Low,0
2021-06-15,20.5,13.05,16.799999999999997,7.449999999999999,19.666666666666668,0.0,19.01,Low,0
2021-06-16,20.9,11.9,16.4,8.999999999999998,20.5,0.0,19.099999999999998,Moderate,1
2021-06-17,23.2,10.1,16.7,13.1,21.53333333333333,0.0,20.58,Moderate,1
2021-06-18,19.2,10.0,14.6,9.2,21.099999999999998,0.0,17.36,Moderate,1
2021-06-19,20.8,12.5,16.7,8.3,21.066666666666666,0.0,19.14,Moderate,1
2021-06-20,22.3,13.8,18.1,8.5,20.766666666666666,0.0,20.6,Moderate,1
2021-06-21,23.8,15.1,19.5,8.700000000000001,22.3,0.0,22.060000000000002,Moderate,1
2021-06-22,22.9,14.8,18.9,8.099999999999998,23.0,0.0,21.28,Moderate,1
2021-06-23,22.1,13.3,17.7,8.8,22.933333333333334,0.0,20.340000000000003,Moderate,1
2021-06-24,23.6,14.3,19.0,9.3,22.866666666666664,0.0,21.740000000000002,Moderate,1
2021-06-25,25.6,18.0,21.8,7.600000000000001,23.766666666666666,0.0,24.080000000000005,Moderate,1
2021-06-26,32.3,17.5,24.9,14.799999999999997,27.166666666666668,1.0,29.34,High,2
2021-06-27,31.1,19.4,25.3,11.700000000000003,29.666666666666668,2.0,28.76,High,2
2021-06-28,31.7,20.3,26.0,11.399999999999999,31.7,3.0,29.42,Critical,3
2021-06-29,32.4,20.4,26.4,12.0,31.733333333333334,4.0,30.0,Critical,3
2021-06-30,24.2,17.7,21.0,6.5,29.433333333333334,4.0,22.9,High,2
2021-07-01,23.6,17.6,20.6,6.0,26.733333333333334,4.0,22.400000000000002,High,2
2021-07-02,22.6,16.6,19.6,6.0,23.46666666666667,4.0,21.400000000000002,High,2
2021-07-03,22.6,16.6,19.6,6.0,22.933333333333334,3.0,21.400000000000002,High,2
2021-07-04,24.5,16.2,20.4,8.3,23.233333333333334,2.0,22.840000000000003,High,2
2021-07-05,24.0,15.5,19.8,8.5,23.7,1.0,22.300000000000004,Moderate,1
2021-07-06,22.7,13.5,18.1,9.2,23.733333333333334,0.0,20.86,Moderate,1
2021-07-07,21.9,14.8,18.4,7.099999999999998,22.866666666666664,0.0,20.48,Moderate,1
2021-07-08,21.8,14.1,18.0,7.700000000000001,22.133333333333336,0.0,20.26,Moderate,1
2021-07-09,24.0,16.2,20.1,7.800000000000001,22.566666666666666,0.0,22.440000000000005,Moderate,1
2021-07-10,25.2,13.9,19.6,11.299999999999999,23.666666666666668,0.0,22.94,Moderate,1
2021-07-11,23.4,13.5,18.5,9.899999999999999,24.2,0.0,21.419999999999998,Moderate,1
2021-07-12,23.3,14.0,18.7,9.3,23.96666666666667,0.0,21.44,Moderate,1
2021-07-13,24.7,13.8,19.3,10.899999999999999,23.8,0.0,22.520000000000003,Moderate,1
2021-07-14,24.7,13.6,19.2,11.1,24.233333333333334,0.0,22.48,Moderate,1
2021-07-15,21.5,12.8,17.2,8.7,23.633333333333336,0.0,19.759999999999998,Moderate,1
2021-07-16,21.6,12.7,17.2,8.900000000000002,22.599999999999998,0.0,19.82,Moderate,1
2021-07-17,24.3,14.8,19.6,9.5,22.46666666666667,0.0,22.400000000000002,Moderate,1
2021-07-18,23.1,12.8,18.0,10.3,23.0,0.0,21.04,Moderate,1
2021-07-19,26.7,13.9,20.3,12.799999999999999,24.700000000000003,0.0,24.14,Moderate,1
2021-07-20,23.8,14.9,19.4,8.9,24.53333333333333,0.0,22.020000000000003,Moderate,1
2021-07-21,21.9,13.2,17.6,8.7,24.133333333333336,0.0,20.16,Moderate,1
2021-07-22,21.7,12.8,17.3,8.899999999999999,22.466666666666665,0.0,19.92,Moderate,1
2021-07-23,24.3,15.4,19.9,8.9,22.633333333333336,0.0,22.520000000000003,Moderate,1
2021-07-24,25.1,14.3,19.7,10.8,23.7,0.0,22.94,Moderate,1
2021-07-25,25.1,14.7,19.9,10.400000000000002,24.833333333333332,0.0,23.020000000000003,Moderate,1
2021-07-26,25.8,13.6,19.7,12.200000000000001,25.333333333333332,0.0,23.36,Moderate,1
2021-07-27,24.4,14.5,19.5,9.899999999999999,25.099999999999998,0.0,22.42,Moderate,1
2021-07-28,26.5,14.2,20.4,12.3,25.566666666666666,0.0,24.040000000000003,Moderate,1
2021-07-29,25.8,15.5,20.7,10.3,25.566666666666666,0.0,23.740000000000002,Moderate,1
2021-07-30,28.1,15.2,21.7,12.900000000000002,26.8,0.0,25.520000000000003,High,2
2021-07-31,26.1,17.6,21.9,8.5,26.666666666666668,0.0,24.400000000000002,Moderate,1
2021-08-01,26.2,17.7,22.0,8.5,26.8,0.0,24.5,Moderate,1
2021-08-02,23.4,15.6,19.5,7.799999999999999,25.233333333333334,0.0,21.84,Moderate,1
2021-08-03,25.2,15.9,20.6,9.299999999999999,24.933333333333334,0.0,23.34,Moderate,1
2021-08-04,25.2,15.3,20.3,9.899999999999999,24.599999999999998,0.0,23.22,Moderate,1
2021-08-05,28.9,17.0,23.0,11.899999999999999,26.433333333333334,0.0,26.520000000000003,High,2
2021-08-06,23.6,17.7,20.7,5.900000000000002,25.900000000000002,0.0,22.42,Moderate,1
2021-08-07,22.2,14.0,18.1,8.2,24.899999999999995,0.0,20.560000000000002,Moderate,1
2021-08-08,22.3,15.2,18.8,7.100000000000001,22.700000000000003,0.0,20.88,Moderate,1
2021-08-09,23.0,14.9,19.0,8.1,22.5,0.0,21.380000000000003,Moderate,1
2021-08-10,24.1,15.4,19.8,8.700000000000001,23.133333333333336,0.0,22.36,Moderate,1
2021-08-11,25.7,15.8,20.8,9.899999999999999,24.26666666666667,0.0,23.720000000000002,Moderate,1
2021-08-12,27.6,18.8,23.2,8.8,25.8,0.0,25.840000000000003,Moderate,1
2021-08-13,28.9,16.6,22.8,12.299999999999997,27.399999999999995,0.0,26.44,High,2
2021-08-14,28.1,16.7,22.4,11.400000000000002,28.2,0.0,25.820000000000004,High,2
2021-08-15,24.9,15.8,20.4,9.099999999999998,27.3,0.0,23.080000000000002,Moderate,1
2021-08-16,21.2,16.2,18.7,5.0,24.733333333333334,0.0,20.200000000000003,Moderate,1
2021-08-17,21.1,14.5,17.8,6.600000000000001,22.400000000000002,0.0,19.78,Moderate,1
2021-08-18,20.8,13.0,16.9,7.800000000000001,21.033333333333335,0.0,19.240000000000002,Moderate,1
2021-08-19,22.7,14.1,18.4,8.6,21.533333333333335,0.0,20.98,Moderate,1
2021-08-20,18.8,13.7,16.3,5.100000000000001,20.766666666666666,0.0,17.78,Moderate,1
2021-08-21,21.9,14.8,18.4,7.099999999999998,21.133333333333333,0.0,20.48,Moderate,1
2021-08-22,22.6,14.7,18.7,7.900000000000002,21.1,0.0,21.020000000000003,Moderate,1
2021-08-23,20.3,12.8,16.6,7.5,21.599999999999998,0.0,18.800000000000004,Moderate,1
2021-08-24,22.2,9.4,15.8,12.799999999999999,21.7,0.0,19.64,Moderate,1
2021-08-25,25.3,11.2,18.3,14.100000000000001,22.599999999999998,0.0,22.48,Moderate,1
2021-08-26,17.5,15.1,16.3,2.4000000000000004,21.666666666666668,0.0,17.02,Moderate,1
2021-08-27,20.1,14.2,17.2,5.900000000000002,20.96666666666667,0.0,18.92,Moderate,1
2021-08-28,21.0,9.9,15.5,11.1,19.533333333333335,0.0,18.78,Low,0
2021-08-29,21.2,12.5,16.9,8.7,20.76666666666667,0.0,19.46,Moderate,1
2021-08-30,18.3,13.3,15.8,5.0,20.166666666666668,0.0,17.3,Moderate,1
2021-08-31,20.2,11.2,15.7,9.0,19.900000000000002,0.0,18.4,Low,0
2021-09-01,18.8,8.8,13.8,10.0,19.099999999999998,0.0,16.8,Low,0
2021-09-02,20.9,10.5,15.7,10.399999999999999,19.96666666666667,0.0,18.82,Low,0
2021-09-03,23.9,11.4,17.7,12.499999999999998,21.2,0.0,21.400000000000002,Moderate,1
2021-09-04,19.8,12.4,16.1,7.4,21.53333333333333,0.0,18.32,Moderate,1
2021-09-05,19.4,14.9,17.2,4.499999999999998,21.03333333333333,0.0,18.5,Moderate,1
2021-09-06,21.4,12.7,17.1,8.7,20.2,0.0,19.66,Moderate,1
2021-09-07,21.9,12.0,17.0,9.899999999999999,20.9,0.0,19.92,Moderate,1
2021-09-08,24.3,14.5,19.4,9.8,22.53333333333333,0.0,22.340000000000003,Moderate,1
2021-09-09,26.0,14.6,20.3,11.4,24.066666666666666,0.0,23.72,Moderate,1
2021-09-10,23.5,15.0,19.3,8.5,24.599999999999998,0.0,21.8,Moderate,1
2021-09-11,17.3,14.4,15.9,2.9000000000000004,22.26666666666667,0.0,16.720000000000002,Moderate,1
2021-09-12,18.1,12.9,15.5,5.200000000000001,19.633333333333336,0.0,17.060000000000002,Low,0
2021-09-13,18.1,10.5,14.3,7.600000000000001,17.833333333333336,0.0,16.580000000000002,Low,0
2021-09-14,14.5,12.2,13.4,2.3000000000000007,16.900000000000002,0.0,14.040000000000001,Low,0
2021-09-15,17.2,11.9,14.6,5.299999999999999,16.599999999999998,0.0,16.14,Low,0
2021-09-16,15.8,6.0,10.9,9.8,15.833333333333334,0.0,13.84,Low,0
2021-09-17,14.2,10.9,12.6,3.299999999999999,15.733333333333334,0.0,13.54,Low,0
2021-09-18,18.7,11.9,15.3,6.799999999999999,16.233333333333334,0.0,17.34,Low,0
2021-09-19,15.6,11.0,13.3,4.6,16.166666666666668,0.0,14.68,Low,0
2021-09-20,17.1,10.3,13.7,6.800000000000001,17.133333333333333,0.0,15.740000000000002,Low,0
2021-09-21,17.9,8.2,13.1,9.7,16.866666666666667,0.0,15.96,Low,0
2021-09-22,17.9,12.3,15.1,5.599999999999998,17.633333333333333,0.0,16.78,Low,0
2021-09-23,17.1,11.0,14.1,6.100000000000001,17.633333333333333,0.0,15.880000000000003,Low,0
2021-09-24,18.3,8.6,13.5,9.700000000000001,17.766666666666666,0.0,16.36,Low,0
2021-09-25,22.3,10.2,16.3,12.100000000000001,19.233333333333334,0.0,19.88,Moderate,1
2021-09-26,15.4,12.2,13.8,3.200000000000001,18.666666666666668,0.0,14.76,Low,0
2021-09-27,16.9,11.5,14.2,5.399999999999999,18.2,0.0,15.82,Low,0
2021-09-28,17.1,11.5,14.3,5.600000000000001,16.466666666666665,0.0,15.980000000000002,Low,0
2021-09-29,12.8,10.4,11.6,2.4000000000000004,15.6,0.0,12.320000000000002,Low,0
2021-09-30,15.4,11.0,13.2,4.4,15.100000000000001,0.0,14.52,Low,0
2021-10-01,14.8,7.8,11.3,7.000000000000001,14.333333333333334,0.0,13.400000000000002,Low,0
2021-10-02,14.2,8.8,11.5,5.399999999999999,14.799999999999999,0.0,13.12,Low,0
2021-10-03,14.3,9.9,12.1,4.4,14.433333333333335,0.0,13.420000000000002,Low,0
2021-10-04,14.4,8.5,11.5,5.9,14.299999999999999,0.0,13.220000000000002,Low,0
2021-10-05,14.2,7.2,10.7,6.999999999999999,14.300000000000002,0.0,12.799999999999999,Low,0
2021-10-06,12.9,5.2,9.1,7.7,13.833333333333334,0.0,11.36,Low,0
2021-10-07,13.0,5.2,9.1,7.8,13.366666666666667,0.0,11.440000000000001,Low,0
2021-10-08,12.5,5.6,9.1,6.9,12.799999999999999,0.0,11.12,Low,0
2021-10-09,11.8,5.4,8.6,6.4,12.433333333333335,0.0,10.520000000000001,Low,0
2021-10-10,12.8,8.6,10.7,4.200000000000001,12.366666666666667,0.0,11.960000000000003,Low,0
2021-10-11,11.2,3.4,7.3,7.799999999999999,11.933333333333335,0.0,9.639999999999999,Low,0
2021-10-12,9.3,2.9,6.1,6.4,11.1,0.0,8.020000000000001,Low,0
2021-10-13,9.9,4.6,7.3,5.300000000000001,10.133333333333335,0.0,8.84,Low,0
2021-10-14,10.0,7.2,8.6,2.8,9.733333333333334,0.0,9.44,Low,0
2021-10-15,11.9,9.6,10.8,2.3000000000000007,10.6,0.0,11.440000000000001,Low,0
2021-10-16,14.4,11.0,12.7,3.4000000000000004,12.1,0.0,13.720000000000002,Low,0
2021-10-17,12.9,9.0,11.0,3.9000000000000004,13.066666666666668,0.0,12.120000000000001,Low,0
2021-10-18,12.5,6.1,9.3,6.4,13.266666666666667,0.0,11.22,Low,0
2021-10-19,14.1,2.4,8.3,11.7,13.166666666666666,0.0,11.760000000000002,Low,0
2021-10-20,13.4,6.8,10.1,6.6000000000000005,13.333333333333334,0.0,12.08,Low,0
2021-10-21,17.9,10.2,14.1,7.699999999999999,15.133333333333333,0.0,16.36,Low,0
2021-10-22,13.1,8.1,10.6,5.0,14.799999999999999,0.0,12.100000000000001,Low,0
2021-10-23,11.6,9.1,10.4,2.5,14.199999999999998,0.0,11.1,Low,0
2021-10-24,13.1,9.3,11.2,3.799999999999999,12.6,0.0,12.34,Low,0
2021-10-25,13.1,10.8,12.0,2.299999999999999,12.6,0.0,12.64,Low,0
2021-10-26,12.0,8.7,10.4,3.3000000000000007,12.733333333333334,0.0,11.340000000000002,Low,0
2021-10-27,13.3,7.4,10.4,5.9,12.799999999999999,0.0,12.120000000000001,Low,0
2021-10-28,9.7,7.7,8.7,1.9999999999999991,11.666666666666666,0.0,9.3,Low,0
2021-10-29,10.3,4.4,7.4,5.9,11.1,0.0,9.120000000000001,Low,0
2021-10-30,9.4,0.0,4.7,9.4,9.799999999999999,0.0,7.5200000000000005,Low,0
2021-10-31,9.7,-0.7,4.5,10.399999999999999,9.799999999999999,0.0,7.62,Low,0
2021-11-01,9.8,-0.5,4.7,10.3,9.633333333333333,0.0,7.740000000000001,Low,0
2021-11-02,11.3,5.2,8.3,6.1000000000000005,10.266666666666667,0.0,10.080000000000002,Low,0
2021-11-03,12.8,9.7,11.3,3.1000000000000014,11.299999999999999,0.0,12.180000000000001,Low,0
2021-11-04,13.8,7.9,10.9,5.9,12.633333333333335,0.0,12.620000000000001,Low,0
2021-11-05,11.2,7.1,9.2,4.1,12.6,0.0,10.379999999999999,Low,0
2021-11-06,8.6,5.1,6.9,3.5,11.200000000000001,0.0,7.9,Low,0
2021-11-07,8.8,3.9,6.4,4.9,9.533333333333333,0.0,7.820000000000001,Low,0
2021-11-08,10.5,4.2,7.4,6.3,9.299999999999999,0.0,9.24,Low,0
2021-11-09,12.1,6.4,9.3,5.699999999999999,10.466666666666667,0.0,10.96,Low,0
2021-11-10,9.1,4.0,6.6,5.1,10.566666666666666,0.0,8.08,Low,0
2021-11-11,9.7,6.3,8.0,3.3999999999999995,10.299999999999999,0.0,9.02,Low,0
2021-11-12,13.0,6.8,9.9,6.2,10.6,0.0,11.76,Low,0
2021-11-13,9.0,3.9,6.5,5.1,10.566666666666666,0.0,7.98,Low,0
2021-11-14,12.4,5.6,9.0,6.800000000000001,11.466666666666667,0.0,11.040000000000001,Low,0
2021-11-15,12.4,5.3,8.9,7.1000000000000005,11.266666666666666,0.0,10.980000000000002,Low,0
2021-11-16,7.8,1.1,4.5,6.699999999999999,10.866666666666667,0.0,6.46,Low,0
2021-11-17,6.5,-1.5,2.5,8.0,8.9,0.0,4.9,Low,0
2021-11-18,7.0,0.3500000000000001,3.7,6.65,7.1000000000000005,0.0,5.670000000000001,Low,0
2021-11-19,7.5,2.2,4.9,5.3,7.0,0.0,6.44,Low,0
2021-11-20,7.3,2.7,5.0,4.6,7.266666666666666,0.0,6.38,Low,0
2021-11-21,9.5,1.9,5.7,7.6,8.1,0.0,7.98,Low,0
2021-11-22,8.4,-0.1,4.2,8.5,8.4,0.0,6.700000000000001,Low,0
2021-11-23,8.6,4.9,6.8,3.6999999999999993,8.833333333333334,0.0,7.86,Low,0
2021-11-24,7.5,2.5,5.0,5.0,8.166666666666666,0.0,6.5,Low,0
2021-11-25,7.4,5.1,6.3,2.3000000000000007,7.833333333333333,0.0,6.940000000000001,Low,0
2021-11-26,10.9,5.9,8.4,5.0,8.6,0.0,9.9,Low,0
2021-11-27,11.8,6.5,9.2,5.300000000000001,10.033333333333333,0.0,10.740000000000002,Low,0
2021-11-28,12.3,8.8,10.6,3.5,11.666666666666666,0.0,11.600000000000001,Low,0
2021-11-29,12.8,9.7,11.3,3.1000000000000014,12.300000000000002,0.0,12.180000000000001,Low,0
2021-11-30,11.1,9.4,10.3,1.6999999999999993,12.066666666666668,0.0,10.760000000000002,Low,0
2021-12-01,12.5,8.8,10.7,3.6999999999999993,12.133333333333333,0.0,11.76,Low,0
2021-12-02,10.4,1.8,6.1,8.6,11.333333333333334,0.0,8.68,Low,0
2021-12-03,6.3,-1.9,2.2,8.2,9.733333333333333,0.0,4.66,Low,0
2021-12-04,5.2,1.7,3.5,3.5,7.300000000000001,0.0,4.5,Low,0
2021-12-05,4.4,-2.5,1.0,6.9,5.3,0.0,3.0200000000000005,Low,0
2021-12-06,3.8,0.1,2.0,3.6999999999999997,4.466666666666668,0.0,3.06,Low,0
2021-12-07,7.0,2.5,4.8,4.5,5.066666666666666,0.0,6.1000000000000005,Low,0
2021-12-08,8.4,0.3,4.4,8.1,6.400000000000001,0.0,6.78,Low,0
2021-12-09,6.2,-0.2,3.0,6.4,7.2,0.0,4.920000000000001,Low,0
2021-12-10,6.6,-1.1,2.8,7.699999999999999,7.066666666666666,0.0,5.0600000000000005,Low,0
2021-12-11,8.3,1.4,4.9,6.9,7.033333333333334,0.0,6.920000000000001,Low,0
2021-12-12,5.1,1.1,3.1,3.9999999999999996,6.666666666666667,0.0,4.3,Low,0
2021-12-13,5.9,2.0,4.0,3.9000000000000004,6.433333333333334,0.0,5.120000000000001,Low,0
2021-12-14,4.7,0.4,2.6,4.3,5.233333333333333,0.0,3.8400000000000003,Low,0
2021-12-15,7.3,2.5,4.9,4.8,5.966666666666666,0.0,6.34,Low,0
2021-12-16,6.3,-0.3,3.0,6.6,6.1000000000000005,0.0,4.98,Low,0
2021-12-17,2.2,-2.1,0.1,4.300000000000001,5.266666666666667,0.0,1.3400000000000003,Low,0
2021-12-18,7.9,0.6,4.3,7.300000000000001,5.466666666666666,0.0,6.44,Low,0
2021-12-19,5.8,-2.5,1.7,8.3,5.3,0.0,4.14,Low,0
2021-12-20,2.4,-4.5,-1.1,6.9,5.366666666666667,0.0,1.02,Low,0
2021-12-21,1.4,-6.2,-2.4,7.6,3.1999999999999997,0.0,-0.12000000000000033,Low,0
2021-12-22,8.9,0.9,4.9,8.0,4.233333333333333,0.0,7.300000000000001,Low,0
2021-12-23,7.0,1.8,4.4,5.2,5.766666666666667,0.0,5.960000000000001,Low,0
2021-12-24,3.6,0.1,1.9,3.5,6.500000000000001,0.0,2.9000000000000004,Low,0
2021-12-25,0.6,-5.8,-2.6,6.3999999999999995,3.733333333333333,0.0,-0.6799999999999999,Low,0
2021-12-26,-5.7,-10.8,-8.3,5.1000000000000005,-0.5,0.0,-6.720000000000001,Low,0
2021-12-27,-7.8,-15.3,-11.6,7.500000000000001,-4.3,0.0,-9.3,Low,0
2021-12-28,-4.4,-12.8,-8.6,8.4,-5.966666666666666,0.0,-6.080000000000001,Low,0
2021-12-29,-4.1,-11.7,-7.9,7.6,-5.433333333333334,0.0,-5.619999999999999,Low,0
2021-12-30,-0.7,-8.1,-4.4,7.3999999999999995,-3.0666666666666664,0.0,-2.18,Low,0
2021-12-31,-2.5,-10.9,-6.7,8.4,-2.433333333333333,0.0,-4.18,Low,0
